#
# There is insufficient memory for the Java Runtime Environment to continue.
# Native memory allocation (malloc) failed to allocate 1050256 bytes for Chunk::new
# Possible reasons:
#   The system is out of physical RAM or swap space
#   The process is running with CompressedOops enabled, and the Java Heap may be blocking the growth of the native heap
# Possible solutions:
#   Reduce memory load on the system
#   Increase physical memory or swap space
#   Check if swap backing store is full
#   Decrease Java heap size (-Xmx/-Xms)
#   Decrease number of Java threads
#   Decrease Java thread stack sizes (-Xss)
#   Set larger code cache with -XX:ReservedCodeCacheSize=
#   JVM is running with Zero Based Compressed Oops mode in which the Java heap is
#     placed in the first 32GB address space. The Java Heap base address is the
#     maximum limit for the native heap growth. Please use -XX:HeapBaseMinAddress
#     to set the Java Heap base and to place the Java Heap above 32GB virtual address.
# This output file may be truncated or incomplete.
#
#  Out of Memory Error (arena.cpp:168), pid=53908, tid=36016
#
# JRE version: Java(TM) SE Runtime Environment (21.0.11+9) (build 21.0.11+9-LTS-211)
# Java VM: Java HotSpot(TM) 64-Bit Server VM (21.0.11+9-LTS-211, mixed mode, sharing, tiered, compressed oops, compressed class ptrs, g1 gc, windows-amd64)
# No core dump will be written. Minidumps are not enabled by default on client versions of Windows
#

---------------  S U M M A R Y ------------

Command Line: --add-opens=java.base/java.lang=ALL-UNNAMED --add-opens=java.base/java.lang.invoke=ALL-UNNAMED --add-opens=java.base/java.util=ALL-UNNAMED --add-opens=java.prefs/java.util.prefs=ALL-UNNAMED --add-exports=jdk.compiler/com.sun.tools.javac.api=ALL-UNNAMED --add-exports=jdk.compiler/com.sun.tools.javac.util=ALL-UNNAMED --add-opens=java.base/java.util=ALL-UNNAMED --add-opens=java.prefs/java.util.prefs=ALL-UNNAMED --add-opens=java.base/java.nio.charset=ALL-UNNAMED --add-opens=java.base/java.net=ALL-UNNAMED --add-opens=java.base/java.util.concurrent=ALL-UNNAMED --add-opens=java.base/java.util.concurrent.atomic=ALL-UNNAMED --add-opens=java.xml/javax.xml.namespace=ALL-UNNAMED --add-opens=java.base/java.time=ALL-UNNAMED -XX:MaxMetaspaceSize=1g -XX:+UnlockExperimentalVMOptions -XX:hashCode=3 -Xms256m -Xmx12g -Dfile.encoding=UTF-8 -Duser.country=US -Duser.language=en -Duser.variant -javaagent:C:\Users\P\.gradle\wrapper\dists\gradle-9.3.1-all\9ot9r568e8zfvvd4mn8rbu1j0\gradle-9.3.1\lib\agents\gradle-instrumentation-agent-9.3.1.jar org.gradle.launcher.daemon.bootstrap.GradleDaemon 9.3.1

Host: 13th Gen Intel(R) Core(TM) i7-13620H, 16 cores, 63G,  Windows 10 , 64 bit Build 19041 (10.0.19041.3636)
Time: Tue Jun 30 02:53:18 2026 Pacific Daylight Time elapsed time: 7584.219715 seconds (0d 2h 6m 24s)

---------------  T H R E A D  ---------------

Current thread (0x000001d1ba454c20):  JavaThread "C2 CompilerThread0" daemon [_thread_in_native, id=36016, stack(0x00000072aba00000,0x00000072abb00000) (1024K)]


Current CompileTask:
C2:7584219 62637       4       org.gradle.api.internal.artifacts.transform.AbstractTransformExecution::identify (14 bytes)

Stack: [0x00000072aba00000,0x00000072abb00000]
Native frames: (J=compiled Java code, j=interpreted, Vv=VM code, C=native code)
V  [jvm.dll+0x6d0ef9]
V  [jvm.dll+0x860126]
V  [jvm.dll+0x86261e]
V  [jvm.dll+0x862cf3]
V  [jvm.dll+0x282bc6]
V  [jvm.dll+0xc67ad]
V  [jvm.dll+0xc6cf1]
V  [jvm.dll+0x3bbe71]
V  [jvm.dll+0x388322]
V  [jvm.dll+0x38776a]
V  [jvm.dll+0x24b520]
V  [jvm.dll+0x24aaff]
V  [jvm.dll+0x1cae7e]
V  [jvm.dll+0x25a7d9]
V  [jvm.dll+0x258d65]
V  [jvm.dll+0x3f50d1]
V  [jvm.dll+0x80ac0d]
V  [jvm.dll+0x6cf79d]
C  [ucrtbase.dll+0x21bb2]
C  [KERNEL32.DLL+0x17344]
C  [ntdll.dll+0x526b1]


---------------  P R O C E S S  ---------------

Threads class SMR info:
_java_thread_list=0x000001d1fcbafd00, length=276, elements={
0x000001d1913188b0, 0x000001d1ba4450e0, 0x000001d1ba445f00, 0x000001d1ba447cd0,
0x000001d1ba44a740, 0x000001d1ba44b420, 0x000001d1ba453e90, 0x000001d1ba454c20,
0x000001d1ba47b800, 0x000001d1bb3b5b60, 0x000001d1bb459eb0, 0x000001d1f6331570,
0x000001d1f6335020, 0x000001d1f65abe20, 0x000001d1f64a51b0, 0x000001d1f64a5ed0,
0x000001d1f64a30e0, 0x000001d1f7b56910, 0x000001d1f7b55bf0, 0x000001d1f7b56280,
0x000001d1f7b54840, 0x000001d1f7b56fa0, 0x000001d1f7b541b0, 0x000001d1f94a8610,
0x000001d1f94a6bd0, 0x000001d1f94a7260, 0x000001d1f94a7f80, 0x000001d1f94a8ca0,
0x000001d1f94a9330, 0x000001d1f94a6540, 0x000001d1f94aad70, 0x000001d1f94a99c0,
0x000001d1f94a78f0, 0x000001d1f94aa050, 0x000001d1f94aa6e0, 0x000001d1f94ac120,
0x000001d1f59a8c70, 0x000001d1fbfeb960, 0x000001d1fbfefb00, 0x000001d1fbfed3a0,
0x000001d1fbfee750, 0x000001d1fbfeede0, 0x000001d1fbff0190, 0x000001d1fbfe9890,
0x000001d1fbff0eb0, 0x000001d1fbfe9f20, 0x000001d216e52ba0, 0x000001d219eaf2e0,
0x000001d219eb0750, 0x000001d216e53230, 0x000001d216e4dce0, 0x000001d216e538c0,
0x000001d216e4ea00, 0x000001d216e51160, 0x000001d216e545e0, 0x000001d216e4e370,
0x000001d216e4fdb0, 0x000001d216e517f0, 0x000001d216e53f50, 0x000001d216e4d650,
0x000001d216e57a60, 0x000001d216e56020, 0x000001d216e54c70, 0x000001d216e566b0,
0x000001d216e56d40, 0x000001d216e55300, 0x000001d216e573d0, 0x000001d216e50ad0,
0x000001d216e55990, 0x000001d216e58780, 0x000001d216e580f0, 0x000001d216e51e80,
0x000001d216e58e10, 0x000001d216e594a0, 0x000001d216e52510, 0x000001d216e60430,
0x000001d216e5a850, 0x000001d216e60ac0, 0x000001d216e5b570, 0x000001d216e5c290,
0x000001d216e5cfb0, 0x000001d216e5f710, 0x000001d216e5fda0, 0x000001d216e5d640,
0x000001d216e5a1c0, 0x000001d216e5c920, 0x000001d216e5dcd0, 0x000001d216e5aee0,
0x000001d216e5e360, 0x000001d216e5e9f0, 0x000001d216e5bc00, 0x000001d216e5f080,
0x000001d216e59b30, 0x000001d216e673c0, 0x000001d216e652f0, 0x000001d216e638b0,
0x000001d216e61e70, 0x000001d216e65980, 0x000001d216e66010, 0x000001d216e64c60,
0x000001d216e645d0, 0x000001d216e61150, 0x000001d216e666a0, 0x000001d216e66d30,
0x000001d216e617e0, 0x000001d216e62500, 0x000001d216e62b90, 0x000001d216e63220,
0x000001d216e68e00, 0x000001d216e680e0, 0x000001d216e6b560, 0x000001d216e6bbf0,
0x000001d216e68770, 0x000001d216e69490, 0x000001d216e69b20, 0x000001d216e6c910,
0x000001d216e67a50, 0x000001d216e6a1b0, 0x000001d216e6a840, 0x000001d216e6aed0,
0x000001d21586c210, 0x000001d215868070, 0x000001d215868700, 0x000001d215869ab0,
0x000001d21586a140, 0x000001d21586bb80, 0x000001d215868d90, 0x000001d21586a7d0,
0x000001d21586c8a0, 0x000001d215869420, 0x000001d2158679e0, 0x000001d21586ae60,
0x000001d21586b4f0, 0x000001d2158510f0, 0x000001d2158503d0, 0x000001d2158524a0,
0x000001d215853ee0, 0x000001d215853850, 0x000001d215854c00, 0x000001d21584f6b0,
0x000001d21584dc70, 0x000001d215851780, 0x000001d21585a7e0, 0x000001d21585b500,
0x000001d21585bb90, 0x000001d21585a150, 0x000001d215858710, 0x000001d21585cf40,
0x000001d21585c220, 0x000001d2158579f0, 0x000001d215858080, 0x000001d215858da0,
0x000001d215859430, 0x000001d21585c8b0, 0x000001d215859ac0, 0x000001d215855fb0,
0x000001d21585d5d0, 0x000001d215856640, 0x000001d21585dc60, 0x000001d215856cd0,
0x000001d215865280, 0x000001d215863840, 0x000001d215863ed0, 0x000001d215861770,
0x000001d215861e00, 0x000001d215862490, 0x000001d21585e2f0, 0x000001d21585fd30,
0x000001d215864560, 0x000001d215860a50, 0x000001d21585e980, 0x000001d21585f010,
0x000001d2158603c0, 0x000001d1f759eeb0, 0x000001d215862b20, 0x000001d215865910,
0x000001d215865fa0, 0x000001d2158610e0, 0x000001d2158631b0, 0x000001d215866630,
0x000001d21585f6a0, 0x000001d215866cc0, 0x000001d1fbdd0390, 0x000001d1fbdd93f0,
0x000001d1fbdda110, 0x000001d1fbdd9a80, 0x000001d1fbdda7a0, 0x000001d1fbddae30,
0x000001d1fbdd3ea0, 0x000001d1fbddcf00, 0x000001d1fbde0a10, 0x000001d1fbddc870,
0x000001d1fbde1730, 0x000001d1fbddf660, 0x000001d1fbde2ae0, 0x000001d1fbde10a0,
0x000001d1fbde3e90, 0x000001d1fbde1dc0, 0x000001d1fbddfcf0, 0x000001d1fbde3170,
0x000001d1fbde0380, 0x000001d1fbde4520, 0x000001d1fbde5240, 0x000001d1fbde4bb0,
0x000001d1fbde2450, 0x000001d1fbde3800, 0x000001d1fbdde2b0, 0x000001d1fbdde940,
0x000001d1fbde58d0, 0x000001d1fbde65f0, 0x000001d1fbde6c80, 0x000001d1fbde7310,
0x000001d1fbde79a0, 0x000001d1fbde9a70, 0x000001d1fbdeae20, 0x000001d1fbdea100,
0x000001d1fbdea790, 0x000001d1fbdeb4b0, 0x000001d1fbdec1d0, 0x000001d1fbdecef0,
0x000001d1fbdec860, 0x000001d1fbdebb40, 0x000001d1fbde93e0, 0x000001d1fbde8030,
0x000001d1fbde86c0, 0x000001d1fbde8d50, 0x000001d1fb961540, 0x000001d1fb963610,
0x000001d1fb961bd0, 0x000001d1fb960190, 0x000001d1fb960820, 0x000001d1fb95e750,
0x000001d1fb964330, 0x000001d1fb963ca0, 0x000001d1fb95d3a0, 0x000001d1fb962260,
0x000001d1fb9649c0, 0x000001d1fb95fb00, 0x000001d1fb960eb0, 0x000001d1fb95da30,
0x000001d1fb965050, 0x000001d1fb9628f0, 0x000001d1fb95e0c0, 0x000001d1fb9656e0,
0x000001d1fb965d70, 0x000001d1fb95ede0, 0x000001d1fb967120, 0x000001d1fb968b60,
0x000001d1fb96c670, 0x000001d1fb9684d0, 0x000001d1fb966400, 0x000001d1fb96ac30,
0x000001d1fb967e40, 0x000001d1fb969880, 0x000001d1fb969f10, 0x000001d1fb96b2c0,
0x000001d1f59a2370, 0x000001d1f599eef0, 0x000001d1f59a7230, 0x000001d1f59a3db0,
0x000001d1f59a02a0, 0x000001d1f59a78c0, 0x000001d1f59a1650, 0x000001d1f59a2a00,
0x000001d1f59a4ad0, 0x000001d219094890, 0x000001d1f587eaf0, 0x000001d21908e260,
0x000001d1f58795a0, 0x000001d1f587d0b0, 0x000001d21908db90, 0x000001d219094f60,
0x000001d219095630, 0x000001d219095d00, 0x000001d219090b40, 0x000001d1f587a2c0
}

Java Threads: ( => current thread )
  0x000001d1913188b0 JavaThread "main"                              [_thread_blocked, id=51096, stack(0x00000072aac00000,0x00000072aad00000) (1024K)]
  0x000001d1ba4450e0 JavaThread "Reference Handler"          daemon [_thread_blocked, id=56708, stack(0x00000072ab400000,0x00000072ab500000) (1024K)]
  0x000001d1ba445f00 JavaThread "Finalizer"                  daemon [_thread_blocked, id=55416, stack(0x00000072ab500000,0x00000072ab600000) (1024K)]
  0x000001d1ba447cd0 JavaThread "Signal Dispatcher"          daemon [_thread_blocked, id=57104, stack(0x00000072ab600000,0x00000072ab700000) (1024K)]
  0x000001d1ba44a740 JavaThread "Attach Listener"            daemon [_thread_blocked, id=55408, stack(0x00000072ab700000,0x00000072ab800000) (1024K)]
  0x000001d1ba44b420 JavaThread "Service Thread"             daemon [_thread_blocked, id=56580, stack(0x00000072ab800000,0x00000072ab900000) (1024K)]
  0x000001d1ba453e90 JavaThread "Monitor Deflation Thread"   daemon [_thread_blocked, id=17748, stack(0x00000072ab900000,0x00000072aba00000) (1024K)]
=>0x000001d1ba454c20 JavaThread "C2 CompilerThread0"         daemon [_thread_in_native, id=36016, stack(0x00000072aba00000,0x00000072abb00000) (1024K)]
  0x000001d1ba47b800 JavaThread "C1 CompilerThread0"         daemon [_thread_blocked, id=54424, stack(0x00000072abb00000,0x00000072abc00000) (1024K)]
  0x000001d1bb3b5b60 JavaThread "Common-Cleaner"             daemon [_thread_blocked, id=55644, stack(0x00000072abf00000,0x00000072ac000000) (1024K)]
  0x000001d1bb459eb0 JavaThread "Notification Thread"        daemon [_thread_blocked, id=56496, stack(0x00000072ac000000,0x00000072ac100000) (1024K)]
  0x000001d1f6331570 JavaThread "Daemon health stats"               [_thread_blocked, id=55832, stack(0x00000072ac900000,0x00000072aca00000) (1024K)]
  0x000001d1f6335020 JavaThread "Incoming local TCP Connector on port 55246"        [_thread_in_native, id=57220, stack(0x00000072acb00000,0x00000072acc00000) (1024K)]
  0x000001d1f65abe20 JavaThread "Daemon periodic checks"            [_thread_blocked, id=56512, stack(0x00000072acc00000,0x00000072acd00000) (1024K)]
  0x000001d1f64a51b0 JavaThread "Cache worker for journal cache (C:\Users\P\.gradle\caches\journal-1)"        [_thread_blocked, id=56380, stack(0x00000072ad400000,0x00000072ad500000) (1024K)]
  0x000001d1f64a5ed0 JavaThread "File lock request listener"        [_thread_in_native, id=55596, stack(0x00000072ad500000,0x00000072ad600000) (1024K)]
  0x000001d1f64a30e0 JavaThread "Cache worker for file hash cache (C:\Users\P\.gradle\caches\9.3.1\fileHashes)"        [_thread_blocked, id=56592, stack(0x00000072ad600000,0x00000072ad700000) (1024K)]
  0x000001d1f7b56910 JavaThread "File watcher server"        daemon [_thread_in_native, id=55292, stack(0x00000072ae100000,0x00000072ae200000) (1024K)]
  0x000001d1f7b55bf0 JavaThread "File watcher consumer"      daemon [_thread_blocked, id=50464, stack(0x00000072ae200000,0x00000072ae300000) (1024K)]
  0x000001d1f7b56280 JavaThread "jar transforms"                    [_thread_blocked, id=53160, stack(0x00000072ae300000,0x00000072ae400000) (1024K)]
  0x000001d1f7b54840 JavaThread "jar transforms Thread 2"           [_thread_blocked, id=55076, stack(0x00000072ae400000,0x00000072ae500000) (1024K)]
  0x000001d1f7b56fa0 JavaThread "jar transforms Thread 3"           [_thread_blocked, id=56532, stack(0x00000072ae500000,0x00000072ae600000) (1024K)]
  0x000001d1f7b541b0 JavaThread "jar transforms Thread 4"           [_thread_blocked, id=56456, stack(0x00000072ae600000,0x00000072ae700000) (1024K)]
  0x000001d1f94a8610 JavaThread "jar transforms Thread 5"           [_thread_blocked, id=11260, stack(0x00000072ae700000,0x00000072ae800000) (1024K)]
  0x000001d1f94a6bd0 JavaThread "jar transforms Thread 6"           [_thread_blocked, id=54376, stack(0x00000072ae800000,0x00000072ae900000) (1024K)]
  0x000001d1f94a7260 JavaThread "jar transforms Thread 7"           [_thread_blocked, id=56400, stack(0x00000072ae900000,0x00000072aea00000) (1024K)]
  0x000001d1f94a7f80 JavaThread "jar transforms Thread 8"           [_thread_blocked, id=57100, stack(0x00000072aea00000,0x00000072aeb00000) (1024K)]
  0x000001d1f94a8ca0 JavaThread "jar transforms Thread 9"           [_thread_blocked, id=43268, stack(0x00000072aeb00000,0x00000072aec00000) (1024K)]
  0x000001d1f94a9330 JavaThread "jar transforms Thread 10"          [_thread_blocked, id=56864, stack(0x00000072aec00000,0x00000072aed00000) (1024K)]
  0x000001d1f94a6540 JavaThread "jar transforms Thread 11"          [_thread_blocked, id=53200, stack(0x00000072aed00000,0x00000072aee00000) (1024K)]
  0x000001d1f94aad70 JavaThread "jar transforms Thread 12"          [_thread_blocked, id=56432, stack(0x00000072aee00000,0x00000072aef00000) (1024K)]
  0x000001d1f94a99c0 JavaThread "jar transforms Thread 13"          [_thread_blocked, id=54116, stack(0x00000072aef00000,0x00000072af000000) (1024K)]
  0x000001d1f94a78f0 JavaThread "jar transforms Thread 14"          [_thread_blocked, id=48680, stack(0x00000072af000000,0x00000072af100000) (1024K)]
  0x000001d1f94aa050 JavaThread "jar transforms Thread 15"          [_thread_blocked, id=55472, stack(0x00000072af100000,0x00000072af200000) (1024K)]
  0x000001d1f94aa6e0 JavaThread "jar transforms Thread 16"          [_thread_blocked, id=55912, stack(0x00000072af200000,0x00000072af300000) (1024K)]
  0x000001d1f94ac120 JavaThread "Cache worker for file content cache (C:\Users\P\.gradle\caches\9.3.1\fileContent)"        [_thread_blocked, id=52124, stack(0x00000072af400000,0x00000072af500000) (1024K)]
  0x000001d1f59a8c70 JavaThread "Memory manager"                    [_thread_blocked, id=57892, stack(0x00000072b8f00000,0x00000072b9000000) (1024K)]
  0x000001d1fbfeb960 JavaThread "Daemon Thread 9"                   [_thread_blocked, id=82324, stack(0x00000072aa900000,0x00000072aaa00000) (1024K)]
  0x000001d1fbfefb00 JavaThread "Handler for socket connection from /127.0.0.1:55246 to /127.0.0.1:62985"        [_thread_in_native, id=80480, stack(0x00000072aaa00000,0x00000072aab00000) (1024K)]
  0x000001d1fbfed3a0 JavaThread "Cancel handler"                    [_thread_blocked, id=82280, stack(0x00000072aab00000,0x00000072aac00000) (1024K)]
  0x000001d1fbfee750 JavaThread "Daemon worker Thread 9"            [_thread_blocked, id=78020, stack(0x00000072abc00000,0x00000072abd00000) (1024K)]
  0x000001d1fbfeede0 JavaThread "Asynchronous log dispatcher for DefaultDaemonConnection: socket connection from /127.0.0.1:55246 to /127.0.0.1:62985"        [_thread_blocked, id=81532, stack(0x00000072abd00000,0x00000072abe00000) (1024K)]
  0x000001d1fbff0190 JavaThread "Stdin handler"                     [_thread_blocked, id=81128, stack(0x00000072abe00000,0x00000072abf00000) (1024K)]
  0x000001d1fbfe9890 JavaThread "Daemon client event forwarder"        [_thread_blocked, id=78360, stack(0x00000072ac600000,0x00000072ac700000) (1024K)]
  0x000001d1fbff0eb0 JavaThread "Cache worker for file hash cache (C:\Users\P\Desktop\project\java\Signal-Android\.gradle\9.3.1\fileHashes)"        [_thread_in_Java, id=82680, stack(0x00000072ac700000,0x00000072ac800000) (1024K)]
  0x000001d1fbfe9f20 JavaThread "Cache worker for checksums cache (C:\Users\P\Desktop\project\java\Signal-Android\.gradle\9.3.1\checksums)"        [_thread_blocked, id=82784, stack(0x00000072ac800000,0x00000072ac900000) (1024K)]
  0x000001d216e52ba0 JavaThread "Cache worker for Build Output Cleanup Cache (C:\Users\P\Desktop\project\java\Signal-Android\.gradle\buildOutputCleanup)"        [_thread_blocked, id=59312, stack(0x00000072aca00000,0x00000072acb00000) (1024K)]
  0x000001d219eaf2e0 JavaThread "C1 CompilerThread1"         daemon [_thread_blocked, id=82088, stack(0x00000072acf00000,0x00000072ad000000) (1024K)]
  0x000001d219eb0750 JavaThread "C1 CompilerThread2"         daemon [_thread_blocked, id=78320, stack(0x00000072ad000000,0x00000072ad100000) (1024K)]
  0x000001d216e53230 JavaThread "Cache worker for cache directory keyrings (C:\Users\P\.gradle\caches\keyrings)"        [_thread_blocked, id=79472, stack(0x00000072ad100000,0x00000072ad200000) (1024K)]
  0x000001d216e4dce0 JavaThread "Cache worker for Signature verification cache (C:\Users\P\Desktop\project\java\Signal-Android\.gradle\9.3.1\signature-verification)"        [_thread_blocked, id=82040, stack(0x00000072ad200000,0x00000072ad300000) (1024K)]
  0x000001d216e538c0 JavaThread "Cache worker for cache directory md-supplier (C:\Users\P\.gradle\caches\9.3.1\md-supplier)"        [_thread_blocked, id=81936, stack(0x00000072ad300000,0x00000072ad400000) (1024K)]
  0x000001d216e4ea00 JavaThread "Cache worker for cache directory md-rule (C:\Users\P\.gradle\caches\9.3.1\md-rule)"        [_thread_blocked, id=81996, stack(0x00000072ae000000,0x00000072ae100000) (1024K)]
  0x000001d216e51160 JavaThread "Unconstrained build operations"        [_thread_blocked, id=82448, stack(0x00000072acd00000,0x00000072ace00000) (1024K)]
  0x000001d216e545e0 JavaThread "Unconstrained build operations Thread 2"        [_thread_blocked, id=82320, stack(0x00000072ace00000,0x00000072acf00000) (1024K)]
  0x000001d216e4e370 JavaThread "Unconstrained build operations Thread 3"        [_thread_blocked, id=82656, stack(0x00000072af300000,0x00000072af400000) (1024K)]
  0x000001d216e4fdb0 JavaThread "Unconstrained build operations Thread 4"        [_thread_blocked, id=53428, stack(0x00000072af500000,0x00000072af600000) (1024K)]
  0x000001d216e517f0 JavaThread "Unconstrained build operations Thread 5"        [_thread_blocked, id=75560, stack(0x00000072af600000,0x00000072af700000) (1024K)]
  0x000001d216e53f50 JavaThread "Unconstrained build operations Thread 6"        [_thread_blocked, id=81672, stack(0x00000072af700000,0x00000072af800000) (1024K)]
  0x000001d216e4d650 JavaThread "Unconstrained build operations Thread 7"        [_thread_blocked, id=81856, stack(0x00000072af800000,0x00000072af900000) (1024K)]
  0x000001d216e57a60 JavaThread "Unconstrained build operations Thread 8"        [_thread_blocked, id=81408, stack(0x00000072af900000,0x00000072afa00000) (1024K)]
  0x000001d216e56020 JavaThread "Unconstrained build operations Thread 9"        [_thread_blocked, id=82836, stack(0x00000072afa00000,0x00000072afb00000) (1024K)]
  0x000001d216e54c70 JavaThread "Unconstrained build operations Thread 10"        [_thread_blocked, id=70736, stack(0x00000072afb00000,0x00000072afc00000) (1024K)]
  0x000001d216e566b0 JavaThread "Unconstrained build operations Thread 11"        [_thread_blocked, id=81796, stack(0x00000072afe00000,0x00000072aff00000) (1024K)]
  0x000001d216e56d40 JavaThread "Unconstrained build operations Thread 12"        [_thread_blocked, id=73100, stack(0x00000072aff00000,0x00000072b0000000) (1024K)]
  0x000001d216e55300 JavaThread "Unconstrained build operations Thread 13"        [_thread_blocked, id=79380, stack(0x00000072b0000000,0x00000072b0100000) (1024K)]
  0x000001d216e573d0 JavaThread "Unconstrained build operations Thread 14"        [_thread_blocked, id=77964, stack(0x00000072b0100000,0x00000072b0200000) (1024K)]
  0x000001d216e50ad0 JavaThread "Unconstrained build operations Thread 15"        [_thread_blocked, id=82180, stack(0x00000072b0200000,0x00000072b0300000) (1024K)]
  0x000001d216e55990 JavaThread "Unconstrained build operations Thread 16"        [_thread_blocked, id=77304, stack(0x00000072b0300000,0x00000072b0400000) (1024K)]
  0x000001d216e58780 JavaThread "Unconstrained build operations Thread 17"        [_thread_blocked, id=82348, stack(0x00000072b0400000,0x00000072b0500000) (1024K)]
  0x000001d216e580f0 JavaThread "Unconstrained build operations Thread 18"        [_thread_blocked, id=82732, stack(0x00000072b0500000,0x00000072b0600000) (1024K)]
  0x000001d216e51e80 JavaThread "Unconstrained build operations Thread 19"        [_thread_blocked, id=80064, stack(0x00000072b0600000,0x00000072b0700000) (1024K)]
  0x000001d216e58e10 JavaThread "Unconstrained build operations Thread 20"        [_thread_blocked, id=80020, stack(0x00000072b0700000,0x00000072b0800000) (1024K)]
  0x000001d216e594a0 JavaThread "Configuration cache report writer"        [_thread_blocked, id=80116, stack(0x00000072b0800000,0x00000072b0900000) (1024K)]
  0x000001d216e52510 JavaThread "Cache worker for Build Output Cleanup Cache (C:\Users\P\Desktop\project\java\Signal-Android\build-logic\.gradle\buildOutputCleanup)"        [_thread_blocked, id=81500, stack(0x00000072b0900000,0x00000072b0a00000) (1024K)]
  0x000001d216e60430 JavaThread "Cache worker for Signature verification cache (C:\Users\P\Desktop\project\java\Signal-Android\build-logic\.gradle\9.3.1\signature-verification)"        [_thread_blocked, id=79004, stack(0x00000072b0a00000,0x00000072b0b00000) (1024K)]
  0x000001d216e5a850 JavaThread "Unconstrained build operations Thread 21"        [_thread_blocked, id=76264, stack(0x00000072b0b00000,0x00000072b0c00000) (1024K)]
  0x000001d216e60ac0 JavaThread "Unconstrained build operations Thread 22"        [_thread_blocked, id=79152, stack(0x00000072b0c00000,0x00000072b0d00000) (1024K)]
  0x000001d216e5b570 JavaThread "Unconstrained build operations Thread 23"        [_thread_blocked, id=80944, stack(0x00000072b0d00000,0x00000072b0e00000) (1024K)]
  0x000001d216e5c290 JavaThread "Unconstrained build operations Thread 24"        [_thread_blocked, id=82860, stack(0x00000072b0e00000,0x00000072b0f00000) (1024K)]
  0x000001d216e5cfb0 JavaThread "Unconstrained build operations Thread 25"        [_thread_blocked, id=80620, stack(0x00000072b0f00000,0x00000072b1000000) (1024K)]
  0x000001d216e5f710 JavaThread "Unconstrained build operations Thread 26"        [_thread_blocked, id=79008, stack(0x00000072b1000000,0x00000072b1100000) (1024K)]
  0x000001d216e5fda0 JavaThread "Unconstrained build operations Thread 27"        [_thread_blocked, id=80520, stack(0x00000072b1100000,0x00000072b1200000) (1024K)]
  0x000001d216e5d640 JavaThread "Unconstrained build operations Thread 28"        [_thread_blocked, id=73204, stack(0x00000072b1200000,0x00000072b1300000) (1024K)]
  0x000001d216e5a1c0 JavaThread "Unconstrained build operations Thread 29"        [_thread_blocked, id=81232, stack(0x00000072b1300000,0x00000072b1400000) (1024K)]
  0x000001d216e5c920 JavaThread "Unconstrained build operations Thread 30"        [_thread_blocked, id=77404, stack(0x00000072b1400000,0x00000072b1500000) (1024K)]
  0x000001d216e5dcd0 JavaThread "Unconstrained build operations Thread 31"        [_thread_blocked, id=81108, stack(0x00000072b1500000,0x00000072b1600000) (1024K)]
  0x000001d216e5aee0 JavaThread "Unconstrained build operations Thread 32"        [_thread_blocked, id=81112, stack(0x00000072b1600000,0x00000072b1700000) (1024K)]
  0x000001d216e5e360 JavaThread "Unconstrained build operations Thread 33"        [_thread_blocked, id=67396, stack(0x00000072b1700000,0x00000072b1800000) (1024K)]
  0x000001d216e5e9f0 JavaThread "Unconstrained build operations Thread 34"        [_thread_blocked, id=78552, stack(0x00000072b1800000,0x00000072b1900000) (1024K)]
  0x000001d216e5bc00 JavaThread "Unconstrained build operations Thread 35"        [_thread_blocked, id=79980, stack(0x00000072b1900000,0x00000072b1a00000) (1024K)]
  0x000001d216e5f080 JavaThread "Unconstrained build operations Thread 36"        [_thread_blocked, id=82724, stack(0x00000072b1a00000,0x00000072b1b00000) (1024K)]
  0x000001d216e59b30 JavaThread "Unconstrained build operations Thread 37"        [_thread_blocked, id=79888, stack(0x00000072b1b00000,0x00000072b1c00000) (1024K)]
  0x000001d216e673c0 JavaThread "Unconstrained build operations Thread 38"        [_thread_blocked, id=79884, stack(0x00000072b1c00000,0x00000072b1d00000) (1024K)]
  0x000001d216e652f0 JavaThread "Unconstrained build operations Thread 39"        [_thread_blocked, id=80308, stack(0x00000072b1d00000,0x00000072b1e00000) (1024K)]
  0x000001d216e638b0 JavaThread "Unconstrained build operations Thread 40"        [_thread_blocked, id=82224, stack(0x00000072b1e00000,0x00000072b1f00000) (1024K)]
  0x000001d216e61e70 JavaThread "Build operations"                  [_thread_blocked, id=81436, stack(0x00000072b1f00000,0x00000072b2000000) (1024K)]
  0x000001d216e65980 JavaThread "Unconstrained build operations Thread 41"        [_thread_blocked, id=81784, stack(0x00000072b2000000,0x00000072b2100000) (1024K)]
  0x000001d216e66010 JavaThread "Unconstrained build operations Thread 42"        [_thread_blocked, id=82936, stack(0x00000072b2100000,0x00000072b2200000) (1024K)]
  0x000001d216e64c60 JavaThread "Unconstrained build operations Thread 43"        [_thread_blocked, id=82208, stack(0x00000072b2200000,0x00000072b2300000) (1024K)]
  0x000001d216e645d0 JavaThread "Unconstrained build operations Thread 44"        [_thread_blocked, id=81636, stack(0x00000072b2300000,0x00000072b2400000) (1024K)]
  0x000001d216e61150 JavaThread "Unconstrained build operations Thread 45"        [_thread_blocked, id=80884, stack(0x00000072b2400000,0x00000072b2500000) (1024K)]
  0x000001d216e666a0 JavaThread "Unconstrained build operations Thread 46"        [_thread_blocked, id=82352, stack(0x00000072b2500000,0x00000072b2600000) (1024K)]
  0x000001d216e66d30 JavaThread "Unconstrained build operations Thread 47"        [_thread_blocked, id=82852, stack(0x00000072b2600000,0x00000072b2700000) (1024K)]
  0x000001d216e617e0 JavaThread "Unconstrained build operations Thread 48"        [_thread_blocked, id=82932, stack(0x00000072b2700000,0x00000072b2800000) (1024K)]
  0x000001d216e62500 JavaThread "Unconstrained build operations Thread 49"        [_thread_blocked, id=80144, stack(0x00000072b2800000,0x00000072b2900000) (1024K)]
  0x000001d216e62b90 JavaThread "Unconstrained build operations Thread 50"        [_thread_blocked, id=82548, stack(0x00000072b2900000,0x00000072b2a00000) (1024K)]
  0x000001d216e63220 JavaThread "Unconstrained build operations Thread 51"        [_thread_blocked, id=82244, stack(0x00000072b2a00000,0x00000072b2b00000) (1024K)]
  0x000001d216e68e00 JavaThread "Unconstrained build operations Thread 52"        [_thread_blocked, id=82024, stack(0x00000072b2b00000,0x00000072b2c00000) (1024K)]
  0x000001d216e680e0 JavaThread "Unconstrained build operations Thread 53"        [_thread_blocked, id=78492, stack(0x00000072b2c00000,0x00000072b2d00000) (1024K)]
  0x000001d216e6b560 JavaThread "Unconstrained build operations Thread 54"        [_thread_blocked, id=81568, stack(0x00000072b2d00000,0x00000072b2e00000) (1024K)]
  0x000001d216e6bbf0 JavaThread "Unconstrained build operations Thread 55"        [_thread_blocked, id=82356, stack(0x00000072b2e00000,0x00000072b2f00000) (1024K)]
  0x000001d216e68770 JavaThread "Build operations Thread 2"         [_thread_blocked, id=77988, stack(0x00000072b2f00000,0x00000072b3000000) (1024K)]
  0x000001d216e69490 JavaThread "Build operations Thread 3"         [_thread_blocked, id=78192, stack(0x00000072b3000000,0x00000072b3100000) (1024K)]
  0x000001d216e69b20 JavaThread "Build operations Thread 4"         [_thread_blocked, id=82764, stack(0x00000072b3100000,0x00000072b3200000) (1024K)]
  0x000001d216e6c910 JavaThread "Build operations Thread 5"         [_thread_blocked, id=82408, stack(0x00000072b3200000,0x00000072b3300000) (1024K)]
  0x000001d216e67a50 JavaThread "Build operations Thread 6"         [_thread_blocked, id=82544, stack(0x00000072b3300000,0x00000072b3400000) (1024K)]
  0x000001d216e6a1b0 JavaThread "Build operations Thread 7"         [_thread_blocked, id=76904, stack(0x00000072b3400000,0x00000072b3500000) (1024K)]
  0x000001d216e6a840 JavaThread "Build operations Thread 8"         [_thread_blocked, id=78612, stack(0x00000072b3500000,0x00000072b3600000) (1024K)]
  0x000001d216e6aed0 JavaThread "Build operations Thread 9"         [_thread_blocked, id=68304, stack(0x00000072b3600000,0x00000072b3700000) (1024K)]
  0x000001d21586c210 JavaThread "Build operations Thread 10"        [_thread_blocked, id=82028, stack(0x00000072b3700000,0x00000072b3800000) (1024K)]
  0x000001d215868070 JavaThread "Build operations Thread 11"        [_thread_blocked, id=81220, stack(0x00000072b3800000,0x00000072b3900000) (1024K)]
  0x000001d215868700 JavaThread "Build operations Thread 12"        [_thread_blocked, id=82560, stack(0x00000072b3900000,0x00000072b3a00000) (1024K)]
  0x000001d215869ab0 JavaThread "Build operations Thread 13"        [_thread_blocked, id=82268, stack(0x00000072b3a00000,0x00000072b3b00000) (1024K)]
  0x000001d21586a140 JavaThread "Build operations Thread 14"        [_thread_blocked, id=81120, stack(0x00000072b3b00000,0x00000072b3c00000) (1024K)]
  0x000001d21586bb80 JavaThread "Build operations Thread 15"        [_thread_blocked, id=81492, stack(0x00000072b3c00000,0x00000072b3d00000) (1024K)]
  0x000001d215868d90 JavaThread "Build operations Thread 16"        [_thread_blocked, id=71776, stack(0x00000072b3d00000,0x00000072b3e00000) (1024K)]
  0x000001d21586a7d0 JavaThread "Unconstrained build operations Thread 56"        [_thread_blocked, id=60704, stack(0x00000072b3e00000,0x00000072b3f00000) (1024K)]
  0x000001d21586c8a0 JavaThread "Unconstrained build operations Thread 57"        [_thread_blocked, id=77016, stack(0x00000072b3f00000,0x00000072b4000000) (1024K)]
  0x000001d215869420 JavaThread "Unconstrained build operations Thread 58"        [_thread_blocked, id=74436, stack(0x00000072b4000000,0x00000072b4100000) (1024K)]
  0x000001d2158679e0 JavaThread "Unconstrained build operations Thread 59"        [_thread_blocked, id=79360, stack(0x00000072b4100000,0x00000072b4200000) (1024K)]
  0x000001d21586ae60 JavaThread "Unconstrained build operations Thread 60"        [_thread_blocked, id=74068, stack(0x00000072b4200000,0x00000072b4300000) (1024K)]
  0x000001d21586b4f0 JavaThread "Unconstrained build operations Thread 61"        [_thread_blocked, id=82748, stack(0x00000072b4300000,0x00000072b4400000) (1024K)]
  0x000001d2158510f0 JavaThread "Unconstrained build operations Thread 62"        [_thread_blocked, id=81984, stack(0x00000072b4400000,0x00000072b4500000) (1024K)]
  0x000001d2158503d0 JavaThread "Unconstrained build operations Thread 63"        [_thread_blocked, id=53872, stack(0x00000072b4500000,0x00000072b4600000) (1024K)]
  0x000001d2158524a0 JavaThread "Unconstrained build operations Thread 64"        [_thread_blocked, id=82400, stack(0x00000072b4600000,0x00000072b4700000) (1024K)]
  0x000001d215853ee0 JavaThread "Unconstrained build operations Thread 65"        [_thread_blocked, id=79612, stack(0x00000072b4700000,0x00000072b4800000) (1024K)]
  0x000001d215853850 JavaThread "Unconstrained build operations Thread 66"        [_thread_blocked, id=81136, stack(0x00000072b4800000,0x00000072b4900000) (1024K)]
  0x000001d215854c00 JavaThread "Unconstrained build operations Thread 67"        [_thread_blocked, id=67264, stack(0x00000072b4900000,0x00000072b4a00000) (1024K)]
  0x000001d21584f6b0 JavaThread "Unconstrained build operations Thread 68"        [_thread_blocked, id=82948, stack(0x00000072b4a00000,0x00000072b4b00000) (1024K)]
  0x000001d21584dc70 JavaThread "Unconstrained build operations Thread 69"        [_thread_blocked, id=82952, stack(0x00000072b4b00000,0x00000072b4c00000) (1024K)]
  0x000001d215851780 JavaThread "Unconstrained build operations Thread 70"        [_thread_blocked, id=82956, stack(0x00000072b4c00000,0x00000072b4d00000) (1024K)]
  0x000001d21585a7e0 JavaThread "Unconstrained build operations Thread 71"        [_thread_blocked, id=82960, stack(0x00000072b4d00000,0x00000072b4e00000) (1024K)]
  0x000001d21585b500 JavaThread "Unconstrained build operations Thread 72"        [_thread_blocked, id=82964, stack(0x00000072b4e00000,0x00000072b4f00000) (1024K)]
  0x000001d21585bb90 JavaThread "Unconstrained build operations Thread 73"        [_thread_blocked, id=82968, stack(0x00000072b4f00000,0x00000072b5000000) (1024K)]
  0x000001d21585a150 JavaThread "Unconstrained build operations Thread 74"        [_thread_blocked, id=82972, stack(0x00000072b5000000,0x00000072b5100000) (1024K)]
  0x000001d215858710 JavaThread "Unconstrained build operations Thread 75"        [_thread_blocked, id=82976, stack(0x00000072b5100000,0x00000072b5200000) (1024K)]
  0x000001d21585cf40 JavaThread "Unconstrained build operations Thread 76"        [_thread_blocked, id=82980, stack(0x00000072b5200000,0x00000072b5300000) (1024K)]
  0x000001d21585c220 JavaThread "Unconstrained build operations Thread 77"        [_thread_blocked, id=82984, stack(0x00000072b5300000,0x00000072b5400000) (1024K)]
  0x000001d2158579f0 JavaThread "Unconstrained build operations Thread 78"        [_thread_blocked, id=82988, stack(0x00000072b5400000,0x00000072b5500000) (1024K)]
  0x000001d215858080 JavaThread "Unconstrained build operations Thread 79"        [_thread_blocked, id=82992, stack(0x00000072b5500000,0x00000072b5600000) (1024K)]
  0x000001d215858da0 JavaThread "Unconstrained build operations Thread 80"        [_thread_blocked, id=82996, stack(0x00000072b5600000,0x00000072b5700000) (1024K)]
  0x000001d215859430 JavaThread "Unconstrained build operations Thread 81"        [_thread_blocked, id=83000, stack(0x00000072b5700000,0x00000072b5800000) (1024K)]
  0x000001d21585c8b0 JavaThread "Unconstrained build operations Thread 82"        [_thread_blocked, id=83004, stack(0x00000072b5800000,0x00000072b5900000) (1024K)]
  0x000001d215859ac0 JavaThread "Unconstrained build operations Thread 83"        [_thread_blocked, id=83008, stack(0x00000072b5900000,0x00000072b5a00000) (1024K)]
  0x000001d215855fb0 JavaThread "Unconstrained build operations Thread 84"        [_thread_blocked, id=83012, stack(0x00000072b5a00000,0x00000072b5b00000) (1024K)]
  0x000001d21585d5d0 JavaThread "Unconstrained build operations Thread 85"        [_thread_blocked, id=83016, stack(0x00000072b5b00000,0x00000072b5c00000) (1024K)]
  0x000001d215856640 JavaThread "Unconstrained build operations Thread 86"        [_thread_blocked, id=83020, stack(0x00000072b5c00000,0x00000072b5d00000) (1024K)]
  0x000001d21585dc60 JavaThread "Unconstrained build operations Thread 87"        [_thread_blocked, id=83024, stack(0x00000072b5d00000,0x00000072b5e00000) (1024K)]
  0x000001d215856cd0 JavaThread "Unconstrained build operations Thread 88"        [_thread_blocked, id=83028, stack(0x00000072b5e00000,0x00000072b5f00000) (1024K)]
  0x000001d215865280 JavaThread "Unconstrained build operations Thread 89"        [_thread_blocked, id=83032, stack(0x00000072b5f00000,0x00000072b6000000) (1024K)]
  0x000001d215863840 JavaThread "Unconstrained build operations Thread 90"        [_thread_blocked, id=83036, stack(0x00000072b6000000,0x00000072b6100000) (1024K)]
  0x000001d215863ed0 JavaThread "Unconstrained build operations Thread 91"        [_thread_blocked, id=83040, stack(0x00000072b6100000,0x00000072b6200000) (1024K)]
  0x000001d215861770 JavaThread "Unconstrained build operations Thread 92"        [_thread_blocked, id=83044, stack(0x00000072b6200000,0x00000072b6300000) (1024K)]
  0x000001d215861e00 JavaThread "Unconstrained build operations Thread 93"        [_thread_blocked, id=83048, stack(0x00000072b6300000,0x00000072b6400000) (1024K)]
  0x000001d215862490 JavaThread "Unconstrained build operations Thread 94"        [_thread_blocked, id=83052, stack(0x00000072b6400000,0x00000072b6500000) (1024K)]
  0x000001d21585e2f0 JavaThread "Unconstrained build operations Thread 95"        [_thread_blocked, id=83056, stack(0x00000072b6500000,0x00000072b6600000) (1024K)]
  0x000001d21585fd30 JavaThread "Unconstrained build operations Thread 96"        [_thread_blocked, id=83060, stack(0x00000072b6600000,0x00000072b6700000) (1024K)]
  0x000001d215864560 JavaThread "Unconstrained build operations Thread 97"        [_thread_blocked, id=83064, stack(0x00000072b6700000,0x00000072b6800000) (1024K)]
  0x000001d215860a50 JavaThread "Unconstrained build operations Thread 98"        [_thread_blocked, id=83068, stack(0x00000072b6800000,0x00000072b6900000) (1024K)]
  0x000001d21585e980 JavaThread "Unconstrained build operations Thread 99"        [_thread_blocked, id=83072, stack(0x00000072b6900000,0x00000072b6a00000) (1024K)]
  0x000001d21585f010 JavaThread "Unconstrained build operations Thread 100"        [_thread_blocked, id=83076, stack(0x00000072b6a00000,0x00000072b6b00000) (1024K)]
  0x000001d2158603c0 JavaThread "build event listener"              [_thread_blocked, id=83188, stack(0x00000072b6e00000,0x00000072b6f00000) (1024K)]
  0x000001d1f759eeb0 JavaThread "C1 CompilerThread3"         daemon [_thread_in_native, id=83192, stack(0x00000072b6f00000,0x00000072b7000000) (1024K)]
  0x000001d215862b20 JavaThread "Unconstrained build operations Thread 101"        [_thread_blocked, id=83196, stack(0x00000072b7000000,0x00000072b7100000) (1024K)]
  0x000001d215865910 JavaThread "Unconstrained build operations Thread 102"        [_thread_blocked, id=83200, stack(0x00000072b7100000,0x00000072b7200000) (1024K)]
  0x000001d215865fa0 JavaThread "Unconstrained build operations Thread 103"        [_thread_blocked, id=83204, stack(0x00000072b7200000,0x00000072b7300000) (1024K)]
  0x000001d2158610e0 JavaThread "Unconstrained build operations Thread 104"        [_thread_blocked, id=83208, stack(0x00000072b7300000,0x00000072b7400000) (1024K)]
  0x000001d2158631b0 JavaThread "Unconstrained build operations Thread 105"        [_thread_blocked, id=83212, stack(0x00000072b7400000,0x00000072b7500000) (1024K)]
  0x000001d215866630 JavaThread "Unconstrained build operations Thread 106"        [_thread_blocked, id=83216, stack(0x00000072b7500000,0x00000072b7600000) (1024K)]
  0x000001d21585f6a0 JavaThread "Unconstrained build operations Thread 107"        [_thread_blocked, id=83220, stack(0x00000072b7600000,0x00000072b7700000) (1024K)]
  0x000001d215866cc0 JavaThread "Unconstrained build operations Thread 108"        [_thread_blocked, id=83224, stack(0x00000072b7700000,0x00000072b7800000) (1024K)]
  0x000001d1fbdd0390 JavaThread "Unconstrained build operations Thread 109"        [_thread_blocked, id=83228, stack(0x00000072b7800000,0x00000072b7900000) (1024K)]
  0x000001d1fbdd93f0 JavaThread "Unconstrained build operations Thread 110"        [_thread_blocked, id=83232, stack(0x00000072b7900000,0x00000072b7a00000) (1024K)]
  0x000001d1fbdda110 JavaThread "Unconstrained build operations Thread 111"        [_thread_blocked, id=83236, stack(0x00000072b7a00000,0x00000072b7b00000) (1024K)]
  0x000001d1fbdd9a80 JavaThread "Unconstrained build operations Thread 112"        [_thread_blocked, id=83240, stack(0x00000072b7b00000,0x00000072b7c00000) (1024K)]
  0x000001d1fbdda7a0 JavaThread "Unconstrained build operations Thread 113"        [_thread_blocked, id=83244, stack(0x00000072b7c00000,0x00000072b7d00000) (1024K)]
  0x000001d1fbddae30 JavaThread "Unconstrained build operations Thread 114"        [_thread_blocked, id=83248, stack(0x00000072b7d00000,0x00000072b7e00000) (1024K)]
  0x000001d1fbdd3ea0 JavaThread "Unconstrained build operations Thread 115"        [_thread_blocked, id=83252, stack(0x00000072b7e00000,0x00000072b7f00000) (1024K)]
  0x000001d1fbddcf00 JavaThread "Unconstrained build operations Thread 116"        [_thread_blocked, id=83256, stack(0x00000072b7f00000,0x00000072b8000000) (1024K)]
  0x000001d1fbde0a10 JavaThread "Unconstrained build operations Thread 117"        [_thread_blocked, id=83260, stack(0x00000072b8000000,0x00000072b8100000) (1024K)]
  0x000001d1fbddc870 JavaThread "Unconstrained build operations Thread 118"        [_thread_blocked, id=83264, stack(0x00000072b8100000,0x00000072b8200000) (1024K)]
  0x000001d1fbde1730 JavaThread "Unconstrained build operations Thread 119"        [_thread_blocked, id=83268, stack(0x00000072b8200000,0x00000072b8300000) (1024K)]
  0x000001d1fbddf660 JavaThread "Unconstrained build operations Thread 120"        [_thread_blocked, id=83272, stack(0x00000072b8300000,0x00000072b8400000) (1024K)]
  0x000001d1fbde2ae0 JavaThread "Unconstrained build operations Thread 121"        [_thread_blocked, id=83276, stack(0x00000072b8400000,0x00000072b8500000) (1024K)]
  0x000001d1fbde10a0 JavaThread "Unconstrained build operations Thread 122"        [_thread_blocked, id=83280, stack(0x00000072b8500000,0x00000072b8600000) (1024K)]
  0x000001d1fbde3e90 JavaThread "Unconstrained build operations Thread 123"        [_thread_blocked, id=83284, stack(0x00000072b8600000,0x00000072b8700000) (1024K)]
  0x000001d1fbde1dc0 JavaThread "Unconstrained build operations Thread 124"        [_thread_blocked, id=83288, stack(0x00000072b8700000,0x00000072b8800000) (1024K)]
  0x000001d1fbddfcf0 JavaThread "Unconstrained build operations Thread 125"        [_thread_blocked, id=83292, stack(0x00000072b8800000,0x00000072b8900000) (1024K)]
  0x000001d1fbde3170 JavaThread "Unconstrained build operations Thread 126"        [_thread_blocked, id=83296, stack(0x00000072b8900000,0x00000072b8a00000) (1024K)]
  0x000001d1fbde0380 JavaThread "Unconstrained build operations Thread 127"        [_thread_blocked, id=83300, stack(0x00000072b8a00000,0x00000072b8b00000) (1024K)]
  0x000001d1fbde4520 JavaThread "Unconstrained build operations Thread 128"        [_thread_blocked, id=83304, stack(0x00000072b8b00000,0x00000072b8c00000) (1024K)]
  0x000001d1fbde5240 JavaThread "Unconstrained build operations Thread 129"        [_thread_blocked, id=83308, stack(0x00000072b8c00000,0x00000072b8d00000) (1024K)]
  0x000001d1fbde4bb0 JavaThread "Unconstrained build operations Thread 130"        [_thread_blocked, id=83312, stack(0x00000072b8d00000,0x00000072b8e00000) (1024K)]
  0x000001d1fbde2450 JavaThread "Unconstrained build operations Thread 131"        [_thread_blocked, id=83316, stack(0x00000072b8e00000,0x00000072b8f00000) (1024K)]
  0x000001d1fbde3800 JavaThread "build event listener"              [_thread_blocked, id=83320, stack(0x00000072b9000000,0x00000072b9100000) (1024K)]
  0x000001d1fbdde2b0 JavaThread "build event listener"              [_thread_blocked, id=83324, stack(0x00000072b9100000,0x00000072b9200000) (1024K)]
  0x000001d1fbdde940 JavaThread "ForkJoinPool.commonPool-worker-50" daemon [_thread_blocked, id=83332, stack(0x00000072b9200000,0x00000072b9300000) (1024K)]
  0x000001d1fbde58d0 JavaThread "ForkJoinPool.commonPool-worker-51" daemon [_thread_blocked, id=83336, stack(0x00000072b9300000,0x00000072b9400000) (1024K)]
  0x000001d1fbde65f0 JavaThread "ForkJoinPool.commonPool-worker-52" daemon [_thread_blocked, id=83340, stack(0x00000072b9400000,0x00000072b9500000) (1024K)]
  0x000001d1fbde6c80 JavaThread "ForkJoinPool.commonPool-worker-53" daemon [_thread_blocked, id=83344, stack(0x00000072b9500000,0x00000072b9600000) (1024K)]
  0x000001d1fbde7310 JavaThread "ForkJoinPool.commonPool-worker-54" daemon [_thread_blocked, id=83348, stack(0x00000072b9600000,0x00000072b9700000) (1024K)]
  0x000001d1fbde79a0 JavaThread "ForkJoinPool.commonPool-worker-55" daemon [_thread_blocked, id=83352, stack(0x00000072b9700000,0x00000072b9800000) (1024K)]
  0x000001d1fbde9a70 JavaThread "ForkJoinPool.commonPool-worker-56" daemon [_thread_blocked, id=83356, stack(0x00000072b9800000,0x00000072b9900000) (1024K)]
  0x000001d1fbdeae20 JavaThread "ForkJoinPool.commonPool-worker-57" daemon [_thread_blocked, id=83360, stack(0x00000072b9900000,0x00000072b9a00000) (1024K)]
  0x000001d1fbdea100 JavaThread "ForkJoinPool.commonPool-worker-58" daemon [_thread_blocked, id=83364, stack(0x00000072b9a00000,0x00000072b9b00000) (1024K)]
  0x000001d1fbdea790 JavaThread "included builds"                   [_thread_blocked, id=83368, stack(0x00000072b9b00000,0x00000072b9c00000) (1024K)]
  0x000001d1fbdeb4b0 JavaThread "Execution worker"                  [_thread_blocked, id=83372, stack(0x00000072b9c00000,0x00000072b9d00000) (1024K)]
  0x000001d1fbdec1d0 JavaThread "Execution worker Thread 2"         [_thread_blocked, id=83376, stack(0x00000072b9d00000,0x00000072b9e00000) (1024K)]
  0x000001d1fbdecef0 JavaThread "Execution worker Thread 3"         [_thread_blocked, id=83380, stack(0x00000072b9e00000,0x00000072b9f00000) (1024K)]
  0x000001d1fbdec860 JavaThread "Execution worker Thread 4"         [_thread_in_vm, id=83384, stack(0x00000072b9f00000,0x00000072ba000000) (1024K)]
  0x000001d1fbdebb40 JavaThread "Execution worker Thread 5"         [_thread_blocked, id=83388, stack(0x00000072ba000000,0x00000072ba100000) (1024K)]
  0x000001d1fbde93e0 JavaThread "Execution worker Thread 6"         [_thread_blocked, id=83392, stack(0x00000072ba100000,0x00000072ba200000) (1024K)]
  0x000001d1fbde8030 JavaThread "Execution worker Thread 7"         [_thread_blocked, id=83396, stack(0x00000072ba200000,0x00000072ba300000) (1024K)]
  0x000001d1fbde86c0 JavaThread "Execution worker Thread 8"         [_thread_blocked, id=83400, stack(0x00000072ba300000,0x00000072ba400000) (1024K)]
  0x000001d1fbde8d50 JavaThread "Execution worker Thread 9"         [_thread_in_native, id=83404, stack(0x00000072ba400000,0x00000072ba500000) (1024K)]
  0x000001d1fb961540 JavaThread "Execution worker Thread 10"        [_thread_blocked, id=83408, stack(0x00000072ba500000,0x00000072ba600000) (1024K)]
  0x000001d1fb963610 JavaThread "Execution worker Thread 11"        [_thread_blocked, id=83412, stack(0x00000072ba600000,0x00000072ba700000) (1024K)]
  0x000001d1fb961bd0 JavaThread "Execution worker Thread 12"        [_thread_blocked, id=83416, stack(0x00000072ba700000,0x00000072ba800000) (1024K)]
  0x000001d1fb960190 JavaThread "Execution worker Thread 13"        [_thread_in_Java, id=83420, stack(0x00000072baa00000,0x00000072bab00000) (1024K)]
  0x000001d1fb960820 JavaThread "Execution worker Thread 14"        [_thread_blocked, id=83424, stack(0x00000072bab00000,0x00000072bac00000) (1024K)]
  0x000001d1fb95e750 JavaThread "Execution worker Thread 15"        [_thread_blocked, id=83428, stack(0x00000072bac00000,0x00000072bad00000) (1024K)]
  0x000001d1fb964330 JavaThread "Cache worker for execution history cache (C:\Users\P\Desktop\project\java\Signal-Android\build-logic\.gradle\9.3.1\executionHistory)"        [_thread_blocked, id=83432, stack(0x00000072bad00000,0x00000072bae00000) (1024K)]
  0x000001d1fb963ca0 JavaThread "Unconstrained build operations Thread 132"        [_thread_blocked, id=83436, stack(0x00000072bae00000,0x00000072baf00000) (1024K)]
  0x000001d1fb95d3a0 JavaThread "Unconstrained build operations Thread 133"        [_thread_blocked, id=83440, stack(0x00000072baf00000,0x00000072bb000000) (1024K)]
  0x000001d1fb962260 JavaThread "Unconstrained build operations Thread 134"        [_thread_blocked, id=83444, stack(0x00000072bb000000,0x00000072bb100000) (1024K)]
  0x000001d1fb9649c0 JavaThread "Unconstrained build operations Thread 135"        [_thread_blocked, id=83448, stack(0x00000072bb100000,0x00000072bb200000) (1024K)]
  0x000001d1fb95fb00 JavaThread "Unconstrained build operations Thread 136"        [_thread_blocked, id=83452, stack(0x00000072bb200000,0x00000072bb300000) (1024K)]
  0x000001d1fb960eb0 JavaThread "Unconstrained build operations Thread 137"        [_thread_blocked, id=83456, stack(0x00000072bb300000,0x00000072bb400000) (1024K)]
  0x000001d1fb95da30 JavaThread "Unconstrained build operations Thread 138"        [_thread_blocked, id=83460, stack(0x00000072bb400000,0x00000072bb500000) (1024K)]
  0x000001d1fb965050 JavaThread "Unconstrained build operations Thread 139"        [_thread_blocked, id=83464, stack(0x00000072bb500000,0x00000072bb600000) (1024K)]
  0x000001d1fb9628f0 JavaThread "Unconstrained build operations Thread 140"        [_thread_blocked, id=83468, stack(0x00000072bb600000,0x00000072bb700000) (1024K)]
  0x000001d1fb95e0c0 JavaThread "Unconstrained build operations Thread 141"        [_thread_blocked, id=83472, stack(0x00000072bb700000,0x00000072bb800000) (1024K)]
  0x000001d1fb9656e0 JavaThread "Unconstrained build operations Thread 142"        [_thread_blocked, id=83476, stack(0x00000072bb800000,0x00000072bb900000) (1024K)]
  0x000001d1fb965d70 JavaThread "Unconstrained build operations Thread 143"        [_thread_blocked, id=83480, stack(0x00000072bb900000,0x00000072bba00000) (1024K)]
  0x000001d1fb95ede0 JavaThread "Unconstrained build operations Thread 144"        [_thread_blocked, id=83484, stack(0x00000072bba00000,0x00000072bbb00000) (1024K)]
  0x000001d1fb967120 JavaThread "Unconstrained build operations Thread 145"        [_thread_blocked, id=83488, stack(0x00000072bbb00000,0x00000072bbc00000) (1024K)]
  0x000001d1fb968b60 JavaThread "Unconstrained build operations Thread 146"        [_thread_blocked, id=83548, stack(0x00000072bbc00000,0x00000072bbd00000) (1024K)]
  0x000001d1fb96c670 JavaThread "Unconstrained build operations Thread 147"        [_thread_blocked, id=83552, stack(0x00000072bbd00000,0x00000072bbe00000) (1024K)]
  0x000001d1fb9684d0 JavaThread "Unconstrained build operations Thread 148"        [_thread_blocked, id=83556, stack(0x00000072bbe00000,0x00000072bbf00000) (1024K)]
  0x000001d1fb966400 JavaThread "Unconstrained build operations Thread 149"        [_thread_blocked, id=83564, stack(0x00000072bbf00000,0x00000072bc000000) (1024K)]
  0x000001d1fb96ac30 JavaThread "Unconstrained build operations Thread 150"        [_thread_blocked, id=83568, stack(0x00000072bc000000,0x00000072bc100000) (1024K)]
  0x000001d1fb967e40 JavaThread "Unconstrained build operations Thread 151"        [_thread_blocked, id=83572, stack(0x00000072bc100000,0x00000072bc200000) (1024K)]
  0x000001d1fb969880 JavaThread "Unconstrained build operations Thread 152"        [_thread_blocked, id=83576, stack(0x00000072bc200000,0x00000072bc300000) (1024K)]
  0x000001d1fb969f10 JavaThread "Unconstrained build operations Thread 153"        [_thread_blocked, id=83580, stack(0x00000072bc300000,0x00000072bc400000) (1024K)]
  0x000001d1fb96b2c0 JavaThread "Unconstrained build operations Thread 154"        [_thread_blocked, id=83584, stack(0x00000072bc400000,0x00000072bc500000) (1024K)]
  0x000001d1f59a2370 JavaThread "Unconstrained build operations Thread 155"        [_thread_blocked, id=83588, stack(0x00000072bc500000,0x00000072bc600000) (1024K)]
  0x000001d1f599eef0 JavaThread "Unconstrained build operations Thread 156"        [_thread_blocked, id=83592, stack(0x00000072bc600000,0x00000072bc700000) (1024K)]
  0x000001d1f59a7230 JavaThread "Unconstrained build operations Thread 157"        [_thread_blocked, id=83596, stack(0x00000072bc700000,0x00000072bc800000) (1024K)]
  0x000001d1f59a3db0 JavaThread "Unconstrained build operations Thread 158"        [_thread_blocked, id=83600, stack(0x00000072bc800000,0x00000072bc900000) (1024K)]
  0x000001d1f59a02a0 JavaThread "Unconstrained build operations Thread 159"        [_thread_blocked, id=83604, stack(0x00000072bc900000,0x00000072bca00000) (1024K)]
  0x000001d1f59a78c0 JavaThread "Unconstrained build operations Thread 160"        [_thread_blocked, id=83608, stack(0x00000072bca00000,0x00000072bcb00000) (1024K)]
  0x000001d1f59a1650 JavaThread "Exec process Thread 25"            [_thread_blocked, id=83612, stack(0x00000072bcb00000,0x00000072bcc00000) (1024K)]
  0x000001d1f59a2a00 JavaThread "Exec process Thread 26"            [_thread_blocked, id=83624, stack(0x00000072bcc00000,0x00000072bcd00000) (1024K)]
  0x000001d1f59a4ad0 JavaThread "Exec process Thread 27"            [_thread_blocked, id=83628, stack(0x00000072bcd00000,0x00000072bce00000) (1024K)]
  0x000001d219094890 JavaThread "C2 CompilerThread1"         daemon [_thread_in_native, id=83688, stack(0x00000072afc00000,0x00000072afd00000) (1024K)]
  0x000001d1f587eaf0 JavaThread "Problems report writer"            [_thread_blocked, id=83496, stack(0x00000072afd00000,0x00000072afe00000) (1024K)]
  0x000001d21908e260 JavaThread "C2 CompilerThread2"         daemon [_thread_blocked, id=83680, stack(0x00000072b6b00000,0x00000072b6c00000) (1024K)]
  0x000001d1f58795a0 JavaThread "ForkJoinPool.commonPool-worker-59" daemon [_thread_blocked, id=83824, stack(0x00000072b6d00000,0x00000072b6e00000) (1024K)]
  0x000001d1f587d0b0 JavaThread "ForkJoinPool.commonPool-worker-60" daemon [_thread_blocked, id=83896, stack(0x00000072bce00000,0x00000072bcf00000) (1024K)]
  0x000001d21908db90 JavaThread "C2 CompilerThread3"         daemon [_thread_blocked, id=83832, stack(0x00000072bcf00000,0x00000072bd000000) (1024K)]
  0x000001d219094f60 JavaThread "C2 CompilerThread4"         daemon [_thread_blocked, id=83800, stack(0x00000072b6c00000,0x00000072b6d00000) (1024K)]
  0x000001d219095630 JavaThread "C2 CompilerThread5"         daemon [_thread_blocked, id=83764, stack(0x00000072bd000000,0x00000072bd100000) (1024K)]
  0x000001d219095d00 JavaThread "C2 CompilerThread6"         daemon [_thread_in_native, id=83616, stack(0x00000072bd100000,0x00000072bd200000) (1024K)]
  0x000001d219090b40 JavaThread "C2 CompilerThread7"         daemon [_thread_in_native, id=83620, stack(0x00000072bd200000,0x00000072bd300000) (1024K)]
  0x000001d1f587a2c0 JavaThread "Cache worker for execution history cache (C:\Users\P\Desktop\project\java\Signal-Android\.gradle\9.3.1\executionHistory)"        [_thread_blocked, id=83176, stack(0x00000072bd300000,0x00000072bd400000) (1024K)]
Total: 276

Other Threads:
  0x000001d1ba42b3c0 VMThread "VM Thread"                           [id=55404, stack(0x00000072ab300000,0x00000072ab400000) (1024K)]
  0x000001d1ba418540 WatcherThread "VM Periodic Task Thread"        [id=56416, stack(0x00000072ab200000,0x00000072ab300000) (1024K)]
  0x000001d1913d2520 WorkerThread "GC Thread#0"                     [id=55232, stack(0x00000072aad00000,0x00000072aae00000) (1024K)]
  0x000001d1bb538d40 WorkerThread "GC Thread#1"                     [id=54988, stack(0x00000072ac100000,0x00000072ac200000) (1024K)]
  0x000001d1bb5390f0 WorkerThread "GC Thread#2"                     [id=56744, stack(0x00000072ac200000,0x00000072ac300000) (1024K)]
  0x000001d1bb55a470 WorkerThread "GC Thread#3"                     [id=55952, stack(0x00000072ac300000,0x00000072ac400000) (1024K)]
  0x000001d1bb55a820 WorkerThread "GC Thread#4"                     [id=57112, stack(0x00000072ac400000,0x00000072ac500000) (1024K)]
  0x000001d1bb55abd0 WorkerThread "GC Thread#5"                     [id=56748, stack(0x00000072ac500000,0x00000072ac600000) (1024K)]
  0x000001d1f8b3f580 WorkerThread "GC Thread#6"                     [id=57084, stack(0x00000072ad700000,0x00000072ad800000) (1024K)]
  0x000001d1f8b3fd40 WorkerThread "GC Thread#7"                     [id=54724, stack(0x00000072ad800000,0x00000072ad900000) (1024K)]
  0x000001d1f81d4990 WorkerThread "GC Thread#8"                     [id=56776, stack(0x00000072ad900000,0x00000072ada00000) (1024K)]
  0x000001d1f81d45e0 WorkerThread "GC Thread#9"                     [id=49172, stack(0x00000072ada00000,0x00000072adb00000) (1024K)]
  0x000001d1f81d3ad0 WorkerThread "GC Thread#10"                    [id=56884, stack(0x00000072adb00000,0x00000072adc00000) (1024K)]
  0x000001d1f81d4230 WorkerThread "GC Thread#11"                    [id=54112, stack(0x00000072adc00000,0x00000072add00000) (1024K)]
  0x000001d1f81d4d40 WorkerThread "GC Thread#12"                    [id=51812, stack(0x00000072add00000,0x00000072ade00000) (1024K)]
  0x000001d1913e0580 ConcurrentGCThread "G1 Main Marker"            [id=56488, stack(0x00000072aae00000,0x00000072aaf00000) (1024K)]
  0x000001d1913e0fa0 WorkerThread "G1 Conc#0"                       [id=55316, stack(0x00000072aaf00000,0x00000072ab000000) (1024K)]
  0x000001d1f81d3e80 WorkerThread "G1 Conc#1"                       [id=57204, stack(0x00000072ade00000,0x00000072adf00000) (1024K)]
  0x000001d1f81d50f0 WorkerThread "G1 Conc#2"                       [id=56520, stack(0x00000072adf00000,0x00000072ae000000) (1024K)]
  0x000001d1ba2ee710 ConcurrentGCThread "G1 Refine#0"               [id=49760, stack(0x00000072ab000000,0x00000072ab100000) (1024K)]
  0x000001d1ba2ef1a0 ConcurrentGCThread "G1 Service"                [id=51124, stack(0x00000072ab100000,0x00000072ab200000) (1024K)]
Total: 21

Threads with active compile tasks:
C2 CompilerThread0  7584251 62637       4       org.gradle.api.internal.artifacts.transform.AbstractTransformExecution::identify (14 bytes)
C1 CompilerThread0  7584251 62747       3       org.gradle.internal.fingerprint.impl.DefaultCurrentFileCollectionFingerprint::from (96 bytes)
C2 CompilerThread1  7584251 62736   !   4       java.nio.file.FileTreeWalker::getAttributes (94 bytes)
C2 CompilerThread3  7584251 62749       4       java.util.ArrayDeque::getLast (33 bytes)
C2 CompilerThread6  7584251 62612       4       org.gradle.api.internal.artifacts.transform.NonNormalizedIdentityImmutableTransformExecution::createIdentity (69 bytes)
C2 CompilerThread7  7584251 62734       4       org.gradle.internal.file.FileHierarchySet$Node::contains (101 bytes)
Total: 6

VM state: not at safepoint (normal execution)

VM Mutex/Monitor currently owned by a thread: None

Heap address: 0x0000000500000000, size: 12288 MB, Compressed Oops mode: Zero based, Oop shift amount: 3

CDS archive(s) mapped at: [0x000001d1bc000000-0x000001d1bcc90000-0x000001d1bcc90000), size 13172736, SharedBaseAddress: 0x000001d1bc000000, ArchiveRelocationMode: 1.
Compressed class space mapped at: 0x000001d1bd000000-0x000001d1f1000000, reserved size: 872415232
Narrow klass base: 0x000001d1bc000000, Narrow klass shift: 0, Narrow klass range: 0x100000000

GC Precious Log:
 CardTable entry size: 512
 Card Set container configuration: InlinePtr #cards 4 size 8 Array Of Cards #cards 64 size 144 Howl #buckets 8 coarsen threshold 14745 Howl Bitmap #cards 2048 size 272 coarsen threshold 1843 Card regions per heap region 1 cards per card region 16384
 CPUs: 16 total, 16 available
 Memory: 65227M
 Large Page Support: Disabled
 NUMA Support: Disabled
 Compressed Oops: Enabled (Zero based)
 Heap Region Size: 8M
 Heap Min Capacity: 256M
 Heap Initial Capacity: 256M
 Heap Max Capacity: 12G
 Pre-touch: Disabled
 Parallel Workers: 13
 Concurrent Workers: 3
 Concurrent Refinement Workers: 13
 Periodic GC: Disabled

Heap:
 garbage-first heap   total 1916928K, used 1093340K [0x0000000500000000, 0x0000000800000000)
  region size 8192K, 56 young (458752K), 12 survivors (98304K)
 Metaspace       used 242973K, committed 248576K, reserved 1114112K
  class space    used 30323K, committed 33088K, reserved 851968K

Heap Regions: E=young(eden), S=young(survivor), O=old, HS=humongous(starts), HC=humongous(continues), CS=collection set, F=free, TAMS=top-at-mark-start, PB=parsable bottom
|   0|0x0000000500000000, 0x0000000500800000, 0x0000000500800000|100%| O|  |TAMS 0x0000000500000000| PB 0x0000000500000000| Untracked 
|   1|0x0000000500800000, 0x0000000501000000, 0x0000000501000000|100%|HS|  |TAMS 0x0000000500800000| PB 0x0000000500800000| Complete 
|   2|0x0000000501000000, 0x0000000501800000, 0x0000000501800000|100%|HS|  |TAMS 0x0000000501000000| PB 0x0000000501000000| Complete 
|   3|0x0000000501800000, 0x0000000502000000, 0x0000000502000000|100%| O|  |TAMS 0x0000000501800000| PB 0x0000000501800000| Untracked 
|   4|0x0000000502000000, 0x0000000502800000, 0x0000000502800000|100%| O|  |TAMS 0x0000000502000000| PB 0x0000000502000000| Untracked 
|   5|0x0000000502800000, 0x0000000503000000, 0x0000000503000000|100%| O|  |TAMS 0x0000000502800000| PB 0x0000000502800000| Untracked 
|   6|0x0000000503000000, 0x0000000503800000, 0x0000000503800000|100%| O|  |TAMS 0x0000000503000000| PB 0x0000000503000000| Untracked 
|   7|0x0000000503800000, 0x0000000504000000, 0x0000000504000000|100%| O|  |TAMS 0x0000000503800000| PB 0x0000000503800000| Untracked 
|   8|0x0000000504000000, 0x0000000504800000, 0x0000000504800000|100%| O|  |TAMS 0x0000000504000000| PB 0x0000000504000000| Untracked 
|   9|0x0000000504800000, 0x0000000505000000, 0x0000000505000000|100%| O|  |TAMS 0x0000000504800000| PB 0x0000000504800000| Untracked 
|  10|0x0000000505000000, 0x0000000505800000, 0x0000000505800000|100%| O|  |TAMS 0x0000000505000000| PB 0x0000000505000000| Untracked 
|  11|0x0000000505800000, 0x0000000506000000, 0x0000000506000000|100%| O|  |TAMS 0x0000000505800000| PB 0x0000000505800000| Untracked 
|  12|0x0000000506000000, 0x0000000506800000, 0x0000000506800000|100%| O|  |TAMS 0x0000000506000000| PB 0x0000000506000000| Untracked 
|  13|0x0000000506800000, 0x0000000507000000, 0x0000000507000000|100%| O|  |TAMS 0x0000000506800000| PB 0x0000000506800000| Untracked 
|  14|0x0000000507000000, 0x0000000507800000, 0x0000000507800000|100%| O|  |TAMS 0x0000000507000000| PB 0x0000000507000000| Untracked 
|  15|0x0000000507800000, 0x0000000508000000, 0x0000000508000000|100%| O|  |TAMS 0x0000000507800000| PB 0x0000000507800000| Untracked 
|  16|0x0000000508000000, 0x0000000508800000, 0x0000000508800000|100%| O|  |TAMS 0x0000000508000000| PB 0x0000000508000000| Untracked 
|  17|0x0000000508800000, 0x0000000509000000, 0x0000000509000000|100%| O|  |TAMS 0x0000000508800000| PB 0x0000000508800000| Untracked 
|  18|0x0000000509000000, 0x0000000509800000, 0x0000000509800000|100%| O|  |TAMS 0x0000000509000000| PB 0x0000000509000000| Untracked 
|  19|0x0000000509800000, 0x000000050a000000, 0x000000050a000000|100%| O|  |TAMS 0x0000000509800000| PB 0x0000000509800000| Untracked 
|  20|0x000000050a000000, 0x000000050a800000, 0x000000050a800000|100%| O|  |TAMS 0x000000050a000000| PB 0x000000050a000000| Untracked 
|  21|0x000000050a800000, 0x000000050b000000, 0x000000050b000000|100%| O|  |TAMS 0x000000050a800000| PB 0x000000050a800000| Untracked 
|  22|0x000000050b000000, 0x000000050b800000, 0x000000050b800000|100%| O|  |TAMS 0x000000050b000000| PB 0x000000050b000000| Untracked 
|  23|0x000000050b800000, 0x000000050c000000, 0x000000050c000000|100%| O|  |TAMS 0x000000050b800000| PB 0x000000050b800000| Untracked 
|  24|0x000000050c000000, 0x000000050c800000, 0x000000050c800000|100%| O|  |TAMS 0x000000050c000000| PB 0x000000050c000000| Untracked 
|  25|0x000000050c800000, 0x000000050d000000, 0x000000050d000000|100%| O|  |TAMS 0x000000050c800000| PB 0x000000050c800000| Untracked 
|  26|0x000000050d000000, 0x000000050d800000, 0x000000050d800000|100%| O|  |TAMS 0x000000050d000000| PB 0x000000050d000000| Untracked 
|  27|0x000000050d800000, 0x000000050e000000, 0x000000050e000000|100%| O|  |TAMS 0x000000050d800000| PB 0x000000050d800000| Untracked 
|  28|0x000000050e000000, 0x000000050e800000, 0x000000050e800000|100%| O|  |TAMS 0x000000050e000000| PB 0x000000050e000000| Untracked 
|  29|0x000000050e800000, 0x000000050f000000, 0x000000050f000000|100%| O|  |TAMS 0x000000050e800000| PB 0x000000050e800000| Untracked 
|  30|0x000000050f000000, 0x000000050f800000, 0x000000050f800000|100%| O|  |TAMS 0x000000050f000000| PB 0x000000050f000000| Untracked 
|  31|0x000000050f800000, 0x0000000510000000, 0x0000000510000000|100%| O|  |TAMS 0x000000050f800000| PB 0x000000050f800000| Untracked 
|  32|0x0000000510000000, 0x0000000510800000, 0x0000000510800000|100%| O|  |TAMS 0x0000000510000000| PB 0x0000000510000000| Untracked 
|  33|0x0000000510800000, 0x0000000511000000, 0x0000000511000000|100%| O|  |TAMS 0x0000000510800000| PB 0x0000000510800000| Untracked 
|  34|0x0000000511000000, 0x0000000511800000, 0x0000000511800000|100%| O|  |TAMS 0x0000000511000000| PB 0x0000000511000000| Untracked 
|  35|0x0000000511800000, 0x0000000512000000, 0x0000000512000000|100%| O|  |TAMS 0x0000000511800000| PB 0x0000000511800000| Untracked 
|  36|0x0000000512000000, 0x0000000512000000, 0x0000000512800000|  0%| F|  |TAMS 0x0000000512000000| PB 0x0000000512000000| Untracked 
|  37|0x0000000512800000, 0x0000000513000000, 0x0000000513000000|100%| O|  |TAMS 0x0000000512800000| PB 0x0000000512800000| Untracked 
|  38|0x0000000513000000, 0x0000000513800000, 0x0000000513800000|100%| O|  |TAMS 0x0000000513000000| PB 0x0000000513000000| Untracked 
|  39|0x0000000513800000, 0x0000000514000000, 0x0000000514000000|100%| O|  |TAMS 0x0000000513800000| PB 0x0000000513800000| Untracked 
|  40|0x0000000514000000, 0x0000000514800000, 0x0000000514800000|100%| O|  |TAMS 0x0000000514000000| PB 0x0000000514000000| Untracked 
|  41|0x0000000514800000, 0x0000000515000000, 0x0000000515000000|100%| O|  |TAMS 0x0000000514800000| PB 0x0000000514800000| Untracked 
|  42|0x0000000515000000, 0x0000000515800000, 0x0000000515800000|100%| O|  |TAMS 0x0000000515000000| PB 0x0000000515000000| Untracked 
|  43|0x0000000515800000, 0x0000000516000000, 0x0000000516000000|100%| O|  |TAMS 0x0000000515800000| PB 0x0000000515800000| Untracked 
|  44|0x0000000516000000, 0x0000000516800000, 0x0000000516800000|100%| O|  |TAMS 0x0000000516000000| PB 0x0000000516000000| Untracked 
|  45|0x0000000516800000, 0x0000000517000000, 0x0000000517000000|100%| O|  |TAMS 0x0000000516800000| PB 0x0000000516800000| Untracked 
|  46|0x0000000517000000, 0x0000000517000000, 0x0000000517800000|  0%| F|  |TAMS 0x0000000517000000| PB 0x0000000517000000| Untracked 
|  47|0x0000000517800000, 0x0000000518000000, 0x0000000518000000|100%| O|  |TAMS 0x0000000517800000| PB 0x0000000517800000| Untracked 
|  48|0x0000000518000000, 0x0000000518000000, 0x0000000518800000|  0%| F|  |TAMS 0x0000000518000000| PB 0x0000000518000000| Untracked 
|  49|0x0000000518800000, 0x0000000519000000, 0x0000000519000000|100%| O|  |TAMS 0x0000000518800000| PB 0x0000000518800000| Untracked 
|  50|0x0000000519000000, 0x0000000519000000, 0x0000000519800000|  0%| F|  |TAMS 0x0000000519000000| PB 0x0000000519000000| Untracked 
|  51|0x0000000519800000, 0x000000051a000000, 0x000000051a000000|100%| O|  |TAMS 0x0000000519800000| PB 0x0000000519800000| Untracked 
|  52|0x000000051a000000, 0x000000051a800000, 0x000000051a800000|100%| O|  |TAMS 0x000000051a000000| PB 0x000000051a000000| Untracked 
|  53|0x000000051a800000, 0x000000051b000000, 0x000000051b000000|100%| O|  |TAMS 0x000000051a800000| PB 0x000000051a800000| Untracked 
|  54|0x000000051b000000, 0x000000051b800000, 0x000000051b800000|100%| O|  |TAMS 0x000000051b000000| PB 0x000000051b000000| Untracked 
|  55|0x000000051b800000, 0x000000051b800000, 0x000000051c000000|  0%| F|  |TAMS 0x000000051b800000| PB 0x000000051b800000| Untracked 
|  56|0x000000051c000000, 0x000000051c800000, 0x000000051c800000|100%| O|  |TAMS 0x000000051c000000| PB 0x000000051c000000| Untracked 
|  57|0x000000051c800000, 0x000000051d000000, 0x000000051d000000|100%| O|  |TAMS 0x000000051c800000| PB 0x000000051c800000| Untracked 
|  58|0x000000051d000000, 0x000000051d000000, 0x000000051d800000|  0%| F|  |TAMS 0x000000051d000000| PB 0x000000051d000000| Untracked 
|  59|0x000000051d800000, 0x000000051d800000, 0x000000051e000000|  0%| F|  |TAMS 0x000000051d800000| PB 0x000000051d800000| Untracked 
|  60|0x000000051e000000, 0x000000051e000000, 0x000000051e800000|  0%| F|  |TAMS 0x000000051e000000| PB 0x000000051e000000| Untracked 
|  61|0x000000051e800000, 0x000000051f000000, 0x000000051f000000|100%| O|  |TAMS 0x000000051e800000| PB 0x000000051e800000| Untracked 
|  62|0x000000051f000000, 0x000000051f800000, 0x000000051f800000|100%| O|  |TAMS 0x000000051f000000| PB 0x000000051f000000| Untracked 
|  63|0x000000051f800000, 0x0000000520000000, 0x0000000520000000|100%| O|  |TAMS 0x000000051f800000| PB 0x000000051f800000| Untracked 
|  64|0x0000000520000000, 0x0000000520800000, 0x0000000520800000|100%| O|  |TAMS 0x0000000520000000| PB 0x0000000520000000| Untracked 
|  65|0x0000000520800000, 0x0000000521000000, 0x0000000521000000|100%| O|  |TAMS 0x0000000520800000| PB 0x0000000520800000| Untracked 
|  66|0x0000000521000000, 0x0000000521000000, 0x0000000521800000|  0%| F|  |TAMS 0x0000000521000000| PB 0x0000000521000000| Untracked 
|  67|0x0000000521800000, 0x0000000521800000, 0x0000000522000000|  0%| F|  |TAMS 0x0000000521800000| PB 0x0000000521800000| Untracked 
|  68|0x0000000522000000, 0x0000000522800000, 0x0000000522800000|100%| O|  |TAMS 0x0000000522000000| PB 0x0000000522000000| Untracked 
|  69|0x0000000522800000, 0x0000000522800000, 0x0000000523000000|  0%| F|  |TAMS 0x0000000522800000| PB 0x0000000522800000| Untracked 
|  70|0x0000000523000000, 0x0000000523000000, 0x0000000523800000|  0%| F|  |TAMS 0x0000000523000000| PB 0x0000000523000000| Untracked 
|  71|0x0000000523800000, 0x0000000523800000, 0x0000000524000000|  0%| F|  |TAMS 0x0000000523800000| PB 0x0000000523800000| Untracked 
|  72|0x0000000524000000, 0x0000000524800000, 0x0000000524800000|100%| O|  |TAMS 0x0000000524000000| PB 0x0000000524000000| Untracked 
|  73|0x0000000524800000, 0x0000000525000000, 0x0000000525000000|100%| O|  |TAMS 0x0000000524800000| PB 0x0000000524800000| Untracked 
|  74|0x0000000525000000, 0x0000000525000000, 0x0000000525800000|  0%| F|  |TAMS 0x0000000525000000| PB 0x0000000525000000| Untracked 
|  75|0x0000000525800000, 0x0000000525800000, 0x0000000526000000|  0%| F|  |TAMS 0x0000000525800000| PB 0x0000000525800000| Untracked 
|  76|0x0000000526000000, 0x0000000526000000, 0x0000000526800000|  0%| F|  |TAMS 0x0000000526000000| PB 0x0000000526000000| Untracked 
|  77|0x0000000526800000, 0x0000000527000000, 0x0000000527000000|100%| O|  |TAMS 0x0000000526800000| PB 0x0000000526800000| Untracked 
|  78|0x0000000527000000, 0x0000000527000000, 0x0000000527800000|  0%| F|  |TAMS 0x0000000527000000| PB 0x0000000527000000| Untracked 
|  79|0x0000000527800000, 0x0000000527800000, 0x0000000528000000|  0%| F|  |TAMS 0x0000000527800000| PB 0x0000000527800000| Untracked 
|  80|0x0000000528000000, 0x0000000528800000, 0x0000000528800000|100%| O|  |TAMS 0x0000000528000000| PB 0x0000000528000000| Untracked 
|  81|0x0000000528800000, 0x0000000529000000, 0x0000000529000000|100%| O|  |TAMS 0x0000000528800000| PB 0x0000000528800000| Untracked 
|  82|0x0000000529000000, 0x0000000529800000, 0x0000000529800000|100%| O|  |TAMS 0x0000000529000000| PB 0x0000000529000000| Untracked 
|  83|0x0000000529800000, 0x000000052a000000, 0x000000052a000000|100%| O|  |TAMS 0x0000000529800000| PB 0x0000000529800000| Untracked 
|  84|0x000000052a000000, 0x000000052a800000, 0x000000052a800000|100%| O|  |TAMS 0x000000052a000000| PB 0x000000052a000000| Untracked 
|  85|0x000000052a800000, 0x000000052b000000, 0x000000052b000000|100%| O|  |TAMS 0x000000052a800000| PB 0x000000052a800000| Untracked 
|  86|0x000000052b000000, 0x000000052b800000, 0x000000052b800000|100%| O|  |TAMS 0x000000052b000000| PB 0x000000052b000000| Untracked 
|  87|0x000000052b800000, 0x000000052c000000, 0x000000052c000000|100%| O|  |TAMS 0x000000052b800000| PB 0x000000052b800000| Untracked 
|  88|0x000000052c000000, 0x000000052c800000, 0x000000052c800000|100%| O|  |TAMS 0x000000052c000000| PB 0x000000052c000000| Untracked 
|  89|0x000000052c800000, 0x000000052d000000, 0x000000052d000000|100%| O|  |TAMS 0x000000052c800000| PB 0x000000052c800000| Untracked 
|  90|0x000000052d000000, 0x000000052d000000, 0x000000052d800000|  0%| F|  |TAMS 0x000000052d000000| PB 0x000000052d000000| Untracked 
|  91|0x000000052d800000, 0x000000052e000000, 0x000000052e000000|100%| O|  |TAMS 0x000000052d800000| PB 0x000000052d800000| Untracked 
|  92|0x000000052e000000, 0x000000052e000000, 0x000000052e800000|  0%| F|  |TAMS 0x000000052e000000| PB 0x000000052e000000| Untracked 
|  93|0x000000052e800000, 0x000000052f000000, 0x000000052f000000|100%| O|  |TAMS 0x000000052e800000| PB 0x000000052e800000| Untracked 
|  94|0x000000052f000000, 0x000000052f800000, 0x000000052f800000|100%| S|CS|TAMS 0x000000052f000000| PB 0x000000052f000000| Complete 
|  95|0x000000052f800000, 0x0000000530000000, 0x0000000530000000|100%| S|CS|TAMS 0x000000052f800000| PB 0x000000052f800000| Complete 
|  96|0x0000000530000000, 0x0000000530800000, 0x0000000530800000|100%| S|CS|TAMS 0x0000000530000000| PB 0x0000000530000000| Complete 
|  97|0x0000000530800000, 0x0000000531000000, 0x0000000531000000|100%| S|CS|TAMS 0x0000000530800000| PB 0x0000000530800000| Complete 
|  98|0x0000000531000000, 0x0000000531800000, 0x0000000531800000|100%| S|CS|TAMS 0x0000000531000000| PB 0x0000000531000000| Complete 
|  99|0x0000000531800000, 0x0000000532000000, 0x0000000532000000|100%| S|CS|TAMS 0x0000000531800000| PB 0x0000000531800000| Complete 
| 100|0x0000000532000000, 0x0000000532800000, 0x0000000532800000|100%| S|CS|TAMS 0x0000000532000000| PB 0x0000000532000000| Complete 
| 101|0x0000000532800000, 0x0000000533000000, 0x0000000533000000|100%| S|CS|TAMS 0x0000000532800000| PB 0x0000000532800000| Complete 
| 102|0x0000000533000000, 0x0000000533800000, 0x0000000533800000|100%| S|CS|TAMS 0x0000000533000000| PB 0x0000000533000000| Complete 
| 103|0x0000000533800000, 0x0000000534000000, 0x0000000534000000|100%| S|CS|TAMS 0x0000000533800000| PB 0x0000000533800000| Complete 
| 104|0x0000000534000000, 0x0000000534800000, 0x0000000534800000|100%| S|CS|TAMS 0x0000000534000000| PB 0x0000000534000000| Complete 
| 105|0x0000000534800000, 0x0000000534800000, 0x0000000535000000|  0%| F|  |TAMS 0x0000000534800000| PB 0x0000000534800000| Untracked 
| 106|0x0000000535000000, 0x0000000535000000, 0x0000000535800000|  0%| F|  |TAMS 0x0000000535000000| PB 0x0000000535000000| Untracked 
| 107|0x0000000535800000, 0x0000000535800000, 0x0000000536000000|  0%| F|  |TAMS 0x0000000535800000| PB 0x0000000535800000| Untracked 
| 108|0x0000000536000000, 0x0000000536000000, 0x0000000536800000|  0%| F|  |TAMS 0x0000000536000000| PB 0x0000000536000000| Untracked 
| 109|0x0000000536800000, 0x0000000536800000, 0x0000000537000000|  0%| F|  |TAMS 0x0000000536800000| PB 0x0000000536800000| Untracked 
| 110|0x0000000537000000, 0x0000000537000000, 0x0000000537800000|  0%| F|  |TAMS 0x0000000537000000| PB 0x0000000537000000| Untracked 
| 111|0x0000000537800000, 0x0000000537800000, 0x0000000538000000|  0%| F|  |TAMS 0x0000000537800000| PB 0x0000000537800000| Untracked 
| 112|0x0000000538000000, 0x0000000538000000, 0x0000000538800000|  0%| F|  |TAMS 0x0000000538000000| PB 0x0000000538000000| Untracked 
| 113|0x0000000538800000, 0x0000000538800000, 0x0000000539000000|  0%| F|  |TAMS 0x0000000538800000| PB 0x0000000538800000| Untracked 
| 114|0x0000000539000000, 0x0000000539000000, 0x0000000539800000|  0%| F|  |TAMS 0x0000000539000000| PB 0x0000000539000000| Untracked 
| 115|0x0000000539800000, 0x0000000539800000, 0x000000053a000000|  0%| F|  |TAMS 0x0000000539800000| PB 0x0000000539800000| Untracked 
| 116|0x000000053a000000, 0x000000053a000000, 0x000000053a800000|  0%| F|  |TAMS 0x000000053a000000| PB 0x000000053a000000| Untracked 
| 117|0x000000053a800000, 0x000000053a800000, 0x000000053b000000|  0%| F|  |TAMS 0x000000053a800000| PB 0x000000053a800000| Untracked 
| 118|0x000000053b000000, 0x000000053b000000, 0x000000053b800000|  0%| F|  |TAMS 0x000000053b000000| PB 0x000000053b000000| Untracked 
| 119|0x000000053b800000, 0x000000053b800000, 0x000000053c000000|  0%| F|  |TAMS 0x000000053b800000| PB 0x000000053b800000| Untracked 
| 120|0x000000053c000000, 0x000000053c000000, 0x000000053c800000|  0%| F|  |TAMS 0x000000053c000000| PB 0x000000053c000000| Untracked 
| 121|0x000000053c800000, 0x000000053c800000, 0x000000053d000000|  0%| F|  |TAMS 0x000000053c800000| PB 0x000000053c800000| Untracked 
| 122|0x000000053d000000, 0x000000053d000000, 0x000000053d800000|  0%| F|  |TAMS 0x000000053d000000| PB 0x000000053d000000| Untracked 
| 123|0x000000053d800000, 0x000000053d800000, 0x000000053e000000|  0%| F|  |TAMS 0x000000053d800000| PB 0x000000053d800000| Untracked 
| 124|0x000000053e000000, 0x000000053e000000, 0x000000053e800000|  0%| F|  |TAMS 0x000000053e000000| PB 0x000000053e000000| Untracked 
| 125|0x000000053e800000, 0x000000053e800000, 0x000000053f000000|  0%| F|  |TAMS 0x000000053e800000| PB 0x000000053e800000| Untracked 
| 126|0x000000053f000000, 0x000000053f000000, 0x000000053f800000|  0%| F|  |TAMS 0x000000053f000000| PB 0x000000053f000000| Untracked 
| 127|0x000000053f800000, 0x000000053f800000, 0x0000000540000000|  0%| F|  |TAMS 0x000000053f800000| PB 0x000000053f800000| Untracked 
| 128|0x0000000540000000, 0x0000000540000000, 0x0000000540800000|  0%| F|  |TAMS 0x0000000540000000| PB 0x0000000540000000| Untracked 
| 129|0x0000000540800000, 0x0000000540800000, 0x0000000541000000|  0%| F|  |TAMS 0x0000000540800000| PB 0x0000000540800000| Untracked 
| 130|0x0000000541000000, 0x0000000541000000, 0x0000000541800000|  0%| F|  |TAMS 0x0000000541000000| PB 0x0000000541000000| Untracked 
| 131|0x0000000541800000, 0x0000000541800000, 0x0000000542000000|  0%| F|  |TAMS 0x0000000541800000| PB 0x0000000541800000| Untracked 
| 132|0x0000000542000000, 0x0000000542000000, 0x0000000542800000|  0%| F|  |TAMS 0x0000000542000000| PB 0x0000000542000000| Untracked 
| 133|0x0000000542800000, 0x0000000542800000, 0x0000000543000000|  0%| F|  |TAMS 0x0000000542800000| PB 0x0000000542800000| Untracked 
| 134|0x0000000543000000, 0x0000000543000000, 0x0000000543800000|  0%| F|  |TAMS 0x0000000543000000| PB 0x0000000543000000| Untracked 
| 135|0x0000000543800000, 0x0000000543800000, 0x0000000544000000|  0%| F|  |TAMS 0x0000000543800000| PB 0x0000000543800000| Untracked 
| 136|0x0000000544000000, 0x0000000544000000, 0x0000000544800000|  0%| F|  |TAMS 0x0000000544000000| PB 0x0000000544000000| Untracked 
| 137|0x0000000544800000, 0x0000000544800000, 0x0000000545000000|  0%| F|  |TAMS 0x0000000544800000| PB 0x0000000544800000| Untracked 
| 138|0x0000000545000000, 0x0000000545000000, 0x0000000545800000|  0%| F|  |TAMS 0x0000000545000000| PB 0x0000000545000000| Untracked 
| 139|0x0000000545800000, 0x0000000545800000, 0x0000000546000000|  0%| F|  |TAMS 0x0000000545800000| PB 0x0000000545800000| Untracked 
| 140|0x0000000546000000, 0x0000000546000000, 0x0000000546800000|  0%| F|  |TAMS 0x0000000546000000| PB 0x0000000546000000| Untracked 
| 141|0x0000000546800000, 0x0000000546800000, 0x0000000547000000|  0%| F|  |TAMS 0x0000000546800000| PB 0x0000000546800000| Untracked 
| 142|0x0000000547000000, 0x0000000547000000, 0x0000000547800000|  0%| F|  |TAMS 0x0000000547000000| PB 0x0000000547000000| Untracked 
| 143|0x0000000547800000, 0x0000000547800000, 0x0000000548000000|  0%| F|  |TAMS 0x0000000547800000| PB 0x0000000547800000| Untracked 
| 144|0x0000000548000000, 0x0000000548000000, 0x0000000548800000|  0%| F|  |TAMS 0x0000000548000000| PB 0x0000000548000000| Untracked 
| 145|0x0000000548800000, 0x0000000548800000, 0x0000000549000000|  0%| F|  |TAMS 0x0000000548800000| PB 0x0000000548800000| Untracked 
| 146|0x0000000549000000, 0x0000000549000000, 0x0000000549800000|  0%| F|  |TAMS 0x0000000549000000| PB 0x0000000549000000| Untracked 
| 147|0x0000000549800000, 0x0000000549800000, 0x000000054a000000|  0%| F|  |TAMS 0x0000000549800000| PB 0x0000000549800000| Untracked 
| 148|0x000000054a000000, 0x000000054a000000, 0x000000054a800000|  0%| F|  |TAMS 0x000000054a000000| PB 0x000000054a000000| Untracked 
| 149|0x000000054a800000, 0x000000054a800000, 0x000000054b000000|  0%| F|  |TAMS 0x000000054a800000| PB 0x000000054a800000| Untracked 
| 150|0x000000054b000000, 0x000000054b000000, 0x000000054b800000|  0%| F|  |TAMS 0x000000054b000000| PB 0x000000054b000000| Untracked 
| 151|0x000000054b800000, 0x000000054b800000, 0x000000054c000000|  0%| F|  |TAMS 0x000000054b800000| PB 0x000000054b800000| Untracked 
| 152|0x000000054c000000, 0x000000054c000000, 0x000000054c800000|  0%| F|  |TAMS 0x000000054c000000| PB 0x000000054c000000| Untracked 
| 153|0x000000054c800000, 0x000000054c800000, 0x000000054d000000|  0%| F|  |TAMS 0x000000054c800000| PB 0x000000054c800000| Untracked 
| 154|0x000000054d000000, 0x000000054d000000, 0x000000054d800000|  0%| F|  |TAMS 0x000000054d000000| PB 0x000000054d000000| Untracked 
| 155|0x000000054d800000, 0x000000054d800000, 0x000000054e000000|  0%| F|  |TAMS 0x000000054d800000| PB 0x000000054d800000| Untracked 
| 156|0x000000054e000000, 0x000000054e000000, 0x000000054e800000|  0%| F|  |TAMS 0x000000054e000000| PB 0x000000054e000000| Untracked 
| 157|0x000000054e800000, 0x000000054e800000, 0x000000054f000000|  0%| F|  |TAMS 0x000000054e800000| PB 0x000000054e800000| Untracked 
| 158|0x000000054f000000, 0x000000054f000000, 0x000000054f800000|  0%| F|  |TAMS 0x000000054f000000| PB 0x000000054f000000| Untracked 
| 159|0x000000054f800000, 0x000000054f800000, 0x0000000550000000|  0%| F|  |TAMS 0x000000054f800000| PB 0x000000054f800000| Untracked 
| 160|0x0000000550000000, 0x0000000550000000, 0x0000000550800000|  0%| F|  |TAMS 0x0000000550000000| PB 0x0000000550000000| Untracked 
| 161|0x0000000550800000, 0x0000000550800000, 0x0000000551000000|  0%| F|  |TAMS 0x0000000550800000| PB 0x0000000550800000| Untracked 
| 162|0x0000000551000000, 0x0000000551000000, 0x0000000551800000|  0%| F|  |TAMS 0x0000000551000000| PB 0x0000000551000000| Untracked 
| 163|0x0000000551800000, 0x0000000551800000, 0x0000000552000000|  0%| F|  |TAMS 0x0000000551800000| PB 0x0000000551800000| Untracked 
| 164|0x0000000552000000, 0x0000000552000000, 0x0000000552800000|  0%| F|  |TAMS 0x0000000552000000| PB 0x0000000552000000| Untracked 
| 165|0x0000000552800000, 0x0000000552800000, 0x0000000553000000|  0%| F|  |TAMS 0x0000000552800000| PB 0x0000000552800000| Untracked 
| 166|0x0000000553000000, 0x0000000553000000, 0x0000000553800000|  0%| F|  |TAMS 0x0000000553000000| PB 0x0000000553000000| Untracked 
| 167|0x0000000553800000, 0x0000000553800000, 0x0000000554000000|  0%| F|  |TAMS 0x0000000553800000| PB 0x0000000553800000| Untracked 
| 168|0x0000000554000000, 0x0000000554000000, 0x0000000554800000|  0%| F|  |TAMS 0x0000000554000000| PB 0x0000000554000000| Untracked 
| 169|0x0000000554800000, 0x0000000554800000, 0x0000000555000000|  0%| F|  |TAMS 0x0000000554800000| PB 0x0000000554800000| Untracked 
| 170|0x0000000555000000, 0x0000000555000000, 0x0000000555800000|  0%| F|  |TAMS 0x0000000555000000| PB 0x0000000555000000| Untracked 
| 171|0x0000000555800000, 0x0000000555800000, 0x0000000556000000|  0%| F|  |TAMS 0x0000000555800000| PB 0x0000000555800000| Untracked 
| 172|0x0000000556000000, 0x0000000556000000, 0x0000000556800000|  0%| F|  |TAMS 0x0000000556000000| PB 0x0000000556000000| Untracked 
| 173|0x0000000556800000, 0x0000000556800000, 0x0000000557000000|  0%| F|  |TAMS 0x0000000556800000| PB 0x0000000556800000| Untracked 
| 174|0x0000000557000000, 0x0000000557000000, 0x0000000557800000|  0%| F|  |TAMS 0x0000000557000000| PB 0x0000000557000000| Untracked 
| 175|0x0000000557800000, 0x0000000557800000, 0x0000000558000000|  0%| F|  |TAMS 0x0000000557800000| PB 0x0000000557800000| Untracked 
| 176|0x0000000558000000, 0x0000000558000000, 0x0000000558800000|  0%| F|  |TAMS 0x0000000558000000| PB 0x0000000558000000| Untracked 
| 177|0x0000000558800000, 0x0000000558800000, 0x0000000559000000|  0%| F|  |TAMS 0x0000000558800000| PB 0x0000000558800000| Untracked 
| 178|0x0000000559000000, 0x0000000559000000, 0x0000000559800000|  0%| F|  |TAMS 0x0000000559000000| PB 0x0000000559000000| Untracked 
| 179|0x0000000559800000, 0x0000000559800000, 0x000000055a000000|  0%| F|  |TAMS 0x0000000559800000| PB 0x0000000559800000| Untracked 
| 180|0x000000055a000000, 0x000000055a000000, 0x000000055a800000|  0%| F|  |TAMS 0x000000055a000000| PB 0x000000055a000000| Untracked 
| 181|0x000000055a800000, 0x000000055a800000, 0x000000055b000000|  0%| F|  |TAMS 0x000000055a800000| PB 0x000000055a800000| Untracked 
| 182|0x000000055b000000, 0x000000055b000000, 0x000000055b800000|  0%| F|  |TAMS 0x000000055b000000| PB 0x000000055b000000| Untracked 
| 183|0x000000055b800000, 0x000000055c000000, 0x000000055c000000|100%| S|CS|TAMS 0x000000055b800000| PB 0x000000055b800000| Complete 
| 184|0x000000055c000000, 0x000000055c16e8b8, 0x000000055c800000| 18%| E|  |TAMS 0x000000055c000000| PB 0x000000055c000000| Complete 
| 185|0x000000055c800000, 0x000000055d000000, 0x000000055d000000|100%| E|  |TAMS 0x000000055c800000| PB 0x000000055c800000| Complete 
| 186|0x000000055d000000, 0x000000055d800000, 0x000000055d800000|100%| E|CS|TAMS 0x000000055d000000| PB 0x000000055d000000| Complete 
| 187|0x000000055d800000, 0x000000055e000000, 0x000000055e000000|100%| E|CS|TAMS 0x000000055d800000| PB 0x000000055d800000| Complete 
| 188|0x000000055e000000, 0x000000055e800000, 0x000000055e800000|100%| E|CS|TAMS 0x000000055e000000| PB 0x000000055e000000| Complete 
| 189|0x000000055e800000, 0x000000055f000000, 0x000000055f000000|100%| E|CS|TAMS 0x000000055e800000| PB 0x000000055e800000| Complete 
| 190|0x000000055f000000, 0x000000055f800000, 0x000000055f800000|100%| E|CS|TAMS 0x000000055f000000| PB 0x000000055f000000| Complete 
| 191|0x000000055f800000, 0x0000000560000000, 0x0000000560000000|100%| E|CS|TAMS 0x000000055f800000| PB 0x000000055f800000| Complete 
| 192|0x0000000560000000, 0x0000000560800000, 0x0000000560800000|100%| E|CS|TAMS 0x0000000560000000| PB 0x0000000560000000| Complete 
| 193|0x0000000560800000, 0x0000000561000000, 0x0000000561000000|100%| E|CS|TAMS 0x0000000560800000| PB 0x0000000560800000| Complete 
| 194|0x0000000561000000, 0x0000000561800000, 0x0000000561800000|100%| E|CS|TAMS 0x0000000561000000| PB 0x0000000561000000| Complete 
| 195|0x0000000561800000, 0x0000000562000000, 0x0000000562000000|100%| E|CS|TAMS 0x0000000561800000| PB 0x0000000561800000| Complete 
| 196|0x0000000562000000, 0x0000000562800000, 0x0000000562800000|100%| E|CS|TAMS 0x0000000562000000| PB 0x0000000562000000| Complete 
| 197|0x0000000562800000, 0x0000000563000000, 0x0000000563000000|100%| E|CS|TAMS 0x0000000562800000| PB 0x0000000562800000| Complete 
| 198|0x0000000563000000, 0x0000000563800000, 0x0000000563800000|100%| E|CS|TAMS 0x0000000563000000| PB 0x0000000563000000| Complete 
| 199|0x0000000563800000, 0x0000000564000000, 0x0000000564000000|100%| E|CS|TAMS 0x0000000563800000| PB 0x0000000563800000| Complete 
| 200|0x0000000564000000, 0x0000000564800000, 0x0000000564800000|100%| E|CS|TAMS 0x0000000564000000| PB 0x0000000564000000| Complete 
| 201|0x0000000564800000, 0x0000000565000000, 0x0000000565000000|100%| E|CS|TAMS 0x0000000564800000| PB 0x0000000564800000| Complete 
| 202|0x0000000565000000, 0x0000000565800000, 0x0000000565800000|100%| E|CS|TAMS 0x0000000565000000| PB 0x0000000565000000| Complete 
| 203|0x0000000565800000, 0x0000000566000000, 0x0000000566000000|100%| E|CS|TAMS 0x0000000565800000| PB 0x0000000565800000| Complete 
| 204|0x0000000566000000, 0x0000000566800000, 0x0000000566800000|100%| E|CS|TAMS 0x0000000566000000| PB 0x0000000566000000| Complete 
| 205|0x0000000566800000, 0x0000000567000000, 0x0000000567000000|100%| E|CS|TAMS 0x0000000566800000| PB 0x0000000566800000| Complete 
| 206|0x0000000567000000, 0x0000000567800000, 0x0000000567800000|100%| E|CS|TAMS 0x0000000567000000| PB 0x0000000567000000| Complete 
| 207|0x0000000567800000, 0x0000000568000000, 0x0000000568000000|100%| E|CS|TAMS 0x0000000567800000| PB 0x0000000567800000| Complete 
| 208|0x0000000568000000, 0x0000000568800000, 0x0000000568800000|100%| E|CS|TAMS 0x0000000568000000| PB 0x0000000568000000| Complete 
| 209|0x0000000568800000, 0x0000000569000000, 0x0000000569000000|100%| E|CS|TAMS 0x0000000568800000| PB 0x0000000568800000| Complete 
| 210|0x0000000569000000, 0x0000000569800000, 0x0000000569800000|100%| E|CS|TAMS 0x0000000569000000| PB 0x0000000569000000| Complete 
| 211|0x0000000569800000, 0x000000056a000000, 0x000000056a000000|100%| E|CS|TAMS 0x0000000569800000| PB 0x0000000569800000| Complete 
| 212|0x000000056a000000, 0x000000056a800000, 0x000000056a800000|100%| E|CS|TAMS 0x000000056a000000| PB 0x000000056a000000| Complete 
| 213|0x000000056a800000, 0x000000056b000000, 0x000000056b000000|100%| E|CS|TAMS 0x000000056a800000| PB 0x000000056a800000| Complete 
| 214|0x000000056b000000, 0x000000056b800000, 0x000000056b800000|100%| E|CS|TAMS 0x000000056b000000| PB 0x000000056b000000| Complete 
| 215|0x000000056b800000, 0x000000056c000000, 0x000000056c000000|100%| E|CS|TAMS 0x000000056b800000| PB 0x000000056b800000| Complete 
| 216|0x000000056c000000, 0x000000056c800000, 0x000000056c800000|100%| E|CS|TAMS 0x000000056c000000| PB 0x000000056c000000| Complete 
| 217|0x000000056c800000, 0x000000056d000000, 0x000000056d000000|100%| E|CS|TAMS 0x000000056c800000| PB 0x000000056c800000| Complete 
| 218|0x000000056d000000, 0x000000056d800000, 0x000000056d800000|100%| E|CS|TAMS 0x000000056d000000| PB 0x000000056d000000| Complete 
| 219|0x000000056d800000, 0x000000056e000000, 0x000000056e000000|100%| E|CS|TAMS 0x000000056d800000| PB 0x000000056d800000| Complete 
| 220|0x000000056e000000, 0x000000056e800000, 0x000000056e800000|100%| E|CS|TAMS 0x000000056e000000| PB 0x000000056e000000| Complete 
| 221|0x000000056e800000, 0x000000056f000000, 0x000000056f000000|100%| E|CS|TAMS 0x000000056e800000| PB 0x000000056e800000| Complete 
| 222|0x000000056f000000, 0x000000056f800000, 0x000000056f800000|100%| E|CS|TAMS 0x000000056f000000| PB 0x000000056f000000| Complete 
|1525|0x00000007fa800000, 0x00000007fabb7060, 0x00000007fb000000| 46%| O|  |TAMS 0x00000007fa800000| PB 0x00000007fa800000| Untracked 
|1526|0x00000007fb000000, 0x00000007fb800000, 0x00000007fb800000|100%| O|  |TAMS 0x00000007fb000000| PB 0x00000007fb000000| Untracked 
|1527|0x00000007fb800000, 0x00000007fc000000, 0x00000007fc000000|100%| O|  |TAMS 0x00000007fb800000| PB 0x00000007fb800000| Untracked 
|1528|0x00000007fc000000, 0x00000007fc800000, 0x00000007fc800000|100%| O|  |TAMS 0x00000007fc000000| PB 0x00000007fc000000| Untracked 
|1529|0x00000007fc800000, 0x00000007fd000000, 0x00000007fd000000|100%| O|  |TAMS 0x00000007fc800000| PB 0x00000007fc800000| Untracked 
|1530|0x00000007fd000000, 0x00000007fd800000, 0x00000007fd800000|100%| O|  |TAMS 0x00000007fd000000| PB 0x00000007fd000000| Untracked 
|1531|0x00000007fd800000, 0x00000007fe000000, 0x00000007fe000000|100%| E|CS|TAMS 0x00000007fd800000| PB 0x00000007fd800000| Complete 
|1532|0x00000007fe000000, 0x00000007fe800000, 0x00000007fe800000|100%| E|CS|TAMS 0x00000007fe000000| PB 0x00000007fe000000| Complete 
|1533|0x00000007fe800000, 0x00000007ff000000, 0x00000007ff000000|100%| E|CS|TAMS 0x00000007fe800000| PB 0x00000007fe800000| Complete 
|1534|0x00000007ff000000, 0x00000007ff800000, 0x00000007ff800000|100%| E|CS|TAMS 0x00000007ff000000| PB 0x00000007ff000000| Complete 
|1535|0x00000007ff800000, 0x0000000800000000, 0x0000000800000000|100%| E|CS|TAMS 0x00000007ff800000| PB 0x00000007ff800000| Complete 

Card table byte_map: [0x000001d1aa870000,0x000001d1ac070000] _byte_map_base: 0x000001d1a8070000

Marking Bits: (CMBitMap*) 0x000001d1913d3350
 Bits: [0x000001d1ac070000, 0x000001d1b8070000)

Polling page: 0x000001d18f2b0000

Metaspace:

Usage:
  Non-class:    207.67 MB used.
      Class:     29.61 MB used.
       Both:    237.28 MB used.

Virtual space:
  Non-class space:      256.00 MB reserved,     210.44 MB ( 82%) committed,  4 nodes.
      Class space:      832.00 MB reserved,      32.31 MB (  4%) committed,  1 nodes.
             Both:        1.06 GB reserved,     242.75 MB ( 22%) committed. 

Chunk freelists:
   Non-Class:  13.16 MB
       Class:  15.50 MB
        Both:  28.66 MB

MaxMetaspaceSize: 1.00 GB
CompressedClassSpaceSize: 832.00 MB
Initial GC threshold: 21.00 MB
Current GC threshold: 392.19 MB
CDS: on
 - commit_granule_bytes: 65536.
 - commit_granule_words: 8192.
 - virtual_space_node_default_size: 8388608.
 - enlarge_chunks_in_place: 1.
 - use_allocation_guard: 0.


Internal statistics:

num_allocs_failed_limit: 9.
num_arena_births: 9960.
num_arena_deaths: 240.
num_vsnodes_births: 5.
num_vsnodes_deaths: 0.
num_space_committed: 3881.
num_space_uncommitted: 0.
num_chunks_returned_to_freelist: 347.
num_chunks_taken_from_freelist: 23229.
num_chunk_merges: 69.
num_chunk_splits: 14776.
num_chunks_enlarged: 8924.
num_inconsistent_stats: 0.

CodeHeap 'non-profiled nmethods': size=119168Kb used=37140Kb max_used=37140Kb free=82027Kb
 bounds [0x000001d1a1380000, 0x000001d1a37d0000, 0x000001d1a87e0000]
CodeHeap 'profiled nmethods': size=119104Kb used=95204Kb max_used=95204Kb free=23899Kb
 bounds [0x000001d1997e0000, 0x000001d19f4f0000, 0x000001d1a0c30000]
CodeHeap 'non-nmethods': size=7488Kb used=4408Kb max_used=4460Kb free=3079Kb
 bounds [0x000001d1a0c30000, 0x000001d1a10a0000, 0x000001d1a1380000]
 total_blobs=35744 nmethods=34468 adapters=1173
 compilation: enabled
              stopped_count=0, restarted_count=0
 full_count=0

Compilation events (20 events):
Event: 7584.176 Thread 0x000001d219eaf2e0 nmethod 62711 0x000001d1a37a6a10 code [0x000001d1a37a6ba0, 0x000001d1a37a6c70]
Event: 7584.181 Thread 0x000001d21908e260 62712       4       org.gradle.internal.snapshot.SnapshotUtil$1::handleUnrelatedToAnyChild (5 bytes)
Event: 7584.182 Thread 0x000001d21908e260 nmethod 62712 0x000001d1a37a6d10 code [0x000001d1a37a6ea0, 0x000001d1a37a6f78]
Event: 7584.189 Thread 0x000001d1ba47b800 62713       1       java.nio.file.FileTreeWalker$Event::ioeException (5 bytes)
Event: 7584.189 Thread 0x000001d1ba47b800 nmethod 62713 0x000001d1a37a7090 code [0x000001d1a37a7220, 0x000001d1a37a72f0]
Event: 7584.191 Thread 0x000001d219eb0750 62714       1       java.nio.file.FileTreeWalker$Event::attributes (5 bytes)
Event: 7584.191 Thread 0x000001d219eb0750 nmethod 62714 0x000001d1a37a7390 code [0x000001d1a37a7520, 0x000001d1a37a75f0]
Event: 7584.200 Thread 0x000001d1ba47b800 62716       3       org.gradle.internal.snapshot.RelativePathTracker::toRelativePath (163 bytes)
Event: 7584.200 Thread 0x000001d21908e260 62717       4       com.google.common.cache.LocalCache$AccessQueue::offer (9 bytes)
Event: 7584.200 Thread 0x000001d21908db90 62718       4       com.google.common.cache.LocalCache$AccessQueue::offer (38 bytes)
Event: 7584.201 Thread 0x000001d1ba47b800 nmethod 62716 0x000001d19f4d8390 code [0x000001d19f4d86c0, 0x000001d19f4d98f0]
Event: 7584.207 Thread 0x000001d21908e260 nmethod 62717 0x000001d1a37a7990 code [0x000001d1a37a7b40, 0x000001d1a37a7f10]
Event: 7584.207 Thread 0x000001d21908db90 nmethod 62718 0x000001d1a37a8110 code [0x000001d1a37a82c0, 0x000001d1a37a8688]
Event: 7584.207 Thread 0x000001d219095630 62719       4       java.nio.CharBuffer::flip (7 bytes)
Event: 7584.208 Thread 0x000001d1ba47b800 62720       3       java.math.MutableBigInteger::toBigInteger (28 bytes)
Event: 7584.208 Thread 0x000001d219095630 nmethod 62719 0x000001d1a37a8890 code [0x000001d1a37a8a20, 0x000001d1a37a8ac0]
Event: 7584.208 Thread 0x000001d219eb0750 62721       3       java.math.MutableBigInteger::clear (37 bytes)
Event: 7584.208 Thread 0x000001d1ba47b800 nmethod 62720 0x000001d19f4d9e10 code [0x000001d19f4d9fe0, 0x000001d19f4da280]
Event: 7584.209 Thread 0x000001d219eb0750 nmethod 62721 0x000001d19f4da390 code [0x000001d19f4da540, 0x000001d19f4da718]
Event: 7584.218 Thread 0x000001d21908db90 62722       4       com.google.common.cache.LocalCache$Segment::drainRecencyQueue (45 bytes)

GC Heap History (20 events):
Event: 3888.968 GC heap before
{Heap before GC invocations=85 (full 0):
 garbage-first heap   total 1523712K, used 882952K [0x0000000500000000, 0x0000000800000000)
  region size 8192K, 51 young (417792K), 7 survivors (57344K)
 Metaspace       used 225504K, committed 230016K, reserved 1114112K
  class space    used 28260K, committed 30464K, reserved 851968K
}
Event: 3888.989 GC heap after
{Heap after GC invocations=86 (full 0):
 garbage-first heap   total 1523712K, used 573764K [0x0000000500000000, 0x0000000800000000)
  region size 8192K, 11 young (90112K), 11 survivors (90112K)
 Metaspace       used 225504K, committed 230016K, reserved 1114112K
  class space    used 28260K, committed 30464K, reserved 851968K
}
Event: 3955.248 GC heap before
{Heap before GC invocations=87 (full 0):
 garbage-first heap   total 1523712K, used 1360196K [0x0000000500000000, 0x0000000800000000)
  region size 8192K, 102 young (835584K), 11 survivors (90112K)
 Metaspace       used 226432K, committed 230912K, reserved 1114112K
  class space    used 28276K, committed 30464K, reserved 851968K
}
Event: 3955.276 GC heap after
{Heap after GC invocations=88 (full 0):
 garbage-first heap   total 1523712K, used 621663K [0x0000000500000000, 0x0000000800000000)
  region size 8192K, 11 young (90112K), 11 survivors (90112K)
 Metaspace       used 226432K, committed 230912K, reserved 1114112K
  class space    used 28276K, committed 30464K, reserved 851968K
}
Event: 3958.491 GC heap before
{Heap before GC invocations=88 (full 0):
 garbage-first heap   total 1523712K, used 1309791K [0x0000000500000000, 0x0000000800000000)
  region size 8192K, 93 young (761856K), 11 survivors (90112K)
 Metaspace       used 227605K, committed 232384K, reserved 1114112K
  class space    used 28422K, committed 30720K, reserved 851968K
}
Event: 3958.568 GC heap after
{Heap after GC invocations=89 (full 0):
 garbage-first heap   total 1523712K, used 694156K [0x0000000500000000, 0x0000000800000000)
  region size 8192K, 12 young (98304K), 12 survivors (98304K)
 Metaspace       used 227605K, committed 232384K, reserved 1114112K
  class space    used 28422K, committed 30720K, reserved 851968K
}
Event: 3960.388 GC heap before
{Heap before GC invocations=89 (full 0):
 garbage-first heap   total 1523712K, used 1161100K [0x0000000500000000, 0x0000000800000000)
  region size 8192K, 70 young (573440K), 12 survivors (98304K)
 Metaspace       used 228050K, committed 232832K, reserved 1114112K
  class space    used 28474K, committed 30784K, reserved 851968K
}
Event: 3960.422 GC heap after
{Heap after GC invocations=90 (full 0):
 garbage-first heap   total 1523712K, used 755439K [0x0000000500000000, 0x0000000800000000)
  region size 8192K, 7 young (57344K), 7 survivors (57344K)
 Metaspace       used 228050K, committed 232832K, reserved 1114112K
  class space    used 28474K, committed 30784K, reserved 851968K
}
Event: 3962.139 GC heap before
{Heap before GC invocations=91 (full 0):
 garbage-first heap   total 1523712K, used 1304303K [0x0000000500000000, 0x0000000800000000)
  region size 8192K, 77 young (630784K), 7 survivors (57344K)
 Metaspace       used 228506K, committed 233344K, reserved 1114112K
  class space    used 28488K, committed 30848K, reserved 851968K
}
Event: 3962.182 GC heap after
{Heap after GC invocations=92 (full 0):
 garbage-first heap   total 1523712K, used 781216K [0x0000000500000000, 0x0000000800000000)
  region size 8192K, 8 young (65536K), 8 survivors (65536K)
 Metaspace       used 228506K, committed 233344K, reserved 1114112K
  class space    used 28488K, committed 30848K, reserved 851968K
}
Event: 3963.734 GC heap before
{Heap before GC invocations=92 (full 0):
 garbage-first heap   total 1523712K, used 1346464K [0x0000000500000000, 0x0000000800000000)
  region size 8192K, 77 young (630784K), 8 survivors (65536K)
 Metaspace       used 228557K, committed 233408K, reserved 1114112K
  class space    used 28488K, committed 30848K, reserved 851968K
}
Event: 3963.757 GC heap after
{Heap after GC invocations=93 (full 0):
 garbage-first heap   total 1523712K, used 654815K [0x0000000500000000, 0x0000000800000000)
  region size 8192K, 5 young (40960K), 5 survivors (40960K)
 Metaspace       used 228557K, committed 233408K, reserved 1114112K
  class space    used 28488K, committed 30848K, reserved 851968K
}
Event: 7576.761 GC heap before
{Heap before GC invocations=93 (full 0):
 garbage-first heap   total 1523712K, used 1334751K [0x0000000500000000, 0x0000000800000000)
  region size 8192K, 89 young (729088K), 5 survivors (40960K)
 Metaspace       used 232353K, committed 237440K, reserved 1114112K
  class space    used 28943K, committed 31424K, reserved 851968K
}
Event: 7576.868 GC heap after
{Heap after GC invocations=94 (full 0):
 garbage-first heap   total 1523712K, used 586234K [0x0000000500000000, 0x0000000800000000)
  region size 8192K, 9 young (73728K), 9 survivors (73728K)
 Metaspace       used 232353K, committed 237440K, reserved 1114112K
  class space    used 28943K, committed 31424K, reserved 851968K
}
Event: 7577.770 GC heap before
{Heap before GC invocations=94 (full 0):
 garbage-first heap   total 1523712K, used 725498K [0x0000000500000000, 0x0000000800000000)
  region size 8192K, 27 young (221184K), 9 survivors (73728K)
 Metaspace       used 235612K, committed 240704K, reserved 1114112K
  class space    used 29348K, committed 31872K, reserved 851968K
}
Event: 7577.796 GC heap after
{Heap after GC invocations=95 (full 0):
 garbage-first heap   total 1523712K, used 604511K [0x0000000500000000, 0x0000000800000000)
  region size 8192K, 9 young (73728K), 9 survivors (73728K)
 Metaspace       used 235612K, committed 240704K, reserved 1114112K
  class space    used 29348K, committed 31872K, reserved 851968K
}
Event: 7580.487 GC heap before
{Heap before GC invocations=96 (full 0):
 garbage-first heap   total 1523712K, used 1374559K [0x0000000500000000, 0x0000000800000000)
  region size 8192K, 100 young (819200K), 9 survivors (73728K)
 Metaspace       used 236233K, committed 241344K, reserved 1114112K
  class space    used 29408K, committed 31936K, reserved 851968K
}
Event: 7580.541 GC heap after
{Heap after GC invocations=97 (full 0):
 garbage-first heap   total 1548288K, used 689648K [0x0000000500000000, 0x0000000800000000)
  region size 8192K, 13 young (106496K), 13 survivors (106496K)
 Metaspace       used 236233K, committed 241344K, reserved 1114112K
  class space    used 29408K, committed 31936K, reserved 851968K
}
Event: 7582.770 GC heap before
{Heap before GC invocations=97 (full 0):
 garbage-first heap   total 1548288K, used 1353200K [0x0000000500000000, 0x0000000800000000)
  region size 8192K, 94 young (770048K), 13 survivors (106496K)
 Metaspace       used 239967K, committed 245248K, reserved 1114112K
  class space    used 29855K, committed 32448K, reserved 851968K
}
Event: 7582.824 GC heap after
{Heap after GC invocations=98 (full 0):
 garbage-first heap   total 1916928K, used 749276K [0x0000000500000000, 0x0000000800000000)
  region size 8192K, 12 young (98304K), 12 survivors (98304K)
 Metaspace       used 239967K, committed 245248K, reserved 1114112K
  class space    used 29855K, committed 32448K, reserved 851968K
}

Dll operation events (15 events):
Event: 0.007 Loaded shared library C:\Program Files\Java\jdk-21.0.11\bin\java.dll
Event: 0.078 Loaded shared library C:\Program Files\Java\jdk-21.0.11\bin\jsvml.dll
Event: 0.103 Loaded shared library C:\Program Files\Java\jdk-21.0.11\bin\zip.dll
Event: 0.107 Loaded shared library C:\Program Files\Java\jdk-21.0.11\bin\instrument.dll
Event: 0.112 Loaded shared library C:\Program Files\Java\jdk-21.0.11\bin\net.dll
Event: 0.113 Loaded shared library C:\Program Files\Java\jdk-21.0.11\bin\nio.dll
Event: 0.115 Loaded shared library C:\Program Files\Java\jdk-21.0.11\bin\zip.dll
Event: 0.304 Loaded shared library C:\Program Files\Java\jdk-21.0.11\bin\jimage.dll
Event: 0.454 Loaded shared library C:\Program Files\Java\jdk-21.0.11\bin\verify.dll
Event: 0.475 Loaded shared library C:\Users\P\.gradle\native\660c5614fbf4a5f2a75b1949f50a0caf5cd603558e7d8a26e50b933a0cfb79d1\windows-amd64\native-platform.dll
Event: 0.481 Loaded shared library C:\Users\P\.gradle\native\0.2.8\x86_64-windows-gnu\gradle-fileevents.dll
Event: 1.360 Loaded shared library C:\Program Files\Java\jdk-21.0.11\bin\management.dll
Event: 1.361 Loaded shared library C:\Program Files\Java\jdk-21.0.11\bin\management_ext.dll
Event: 1.500 Loaded shared library C:\Program Files\Java\jdk-21.0.11\bin\extnet.dll
Event: 1.672 Loaded shared library C:\Program Files\Java\jdk-21.0.11\bin\sunmscapi.dll

Deoptimization events (20 events):
Event: 7584.214 Thread 0x000001d1f7b55bf0 Uncommon trap: trap_request=0xffffffde fr.pc=0x000001d1a25a4e80 relative=0x0000000000000b00
Event: 7584.214 Thread 0x000001d1f7b55bf0 Uncommon trap: reason=class_check action=maybe_recompile pc=0x000001d1a25a4e80 method=org.gradle.internal.file.FileHierarchySet$Node.contains(Ljava/lang/String;I)Z @ 55 c2
Event: 7584.214 Thread 0x000001d1f7b55bf0 DEOPT PACKING pc=0x000001d1a25a4e80 sp=0x00000072ae2fee60
Event: 7584.214 Thread 0x000001d1f7b55bf0 DEOPT UNPACKING pc=0x000001d1a0c846a2 sp=0x00000072ae2fee30 mode 2
Event: 7584.215 Thread 0x000001d1fbdecef0 Uncommon trap: trap_request=0xffffffde fr.pc=0x000001d1a20b72d0 relative=0x0000000000000670
Event: 7584.215 Thread 0x000001d1fbdecef0 Uncommon trap: reason=class_check action=maybe_recompile pc=0x000001d1a20b72d0 method=com.google.common.io.CountingOutputStream.write([BII)V @ 7 c2
Event: 7584.215 Thread 0x000001d1fbdecef0 DEOPT PACKING pc=0x000001d1a20b72d0 sp=0x00000072b9efb830
Event: 7584.215 Thread 0x000001d1fbdecef0 DEOPT UNPACKING pc=0x000001d1a0c846a2 sp=0x00000072b9efb808 mode 2
Event: 7584.215 Thread 0x000001d1f7b55bf0 Uncommon trap: trap_request=0xffffffde fr.pc=0x000001d1a25a4e80 relative=0x0000000000000b00
Event: 7584.215 Thread 0x000001d1f7b55bf0 Uncommon trap: reason=class_check action=maybe_recompile pc=0x000001d1a25a4e80 method=org.gradle.internal.file.FileHierarchySet$Node.contains(Ljava/lang/String;I)Z @ 55 c2
Event: 7584.215 Thread 0x000001d1f7b55bf0 DEOPT PACKING pc=0x000001d1a25a4e80 sp=0x00000072ae2fee60
Event: 7584.215 Thread 0x000001d1f7b55bf0 DEOPT UNPACKING pc=0x000001d1a0c846a2 sp=0x00000072ae2fee30 mode 2
Event: 7584.216 Thread 0x000001d1f7b55bf0 Uncommon trap: trap_request=0xffffffde fr.pc=0x000001d1a25a4e80 relative=0x0000000000000b00
Event: 7584.216 Thread 0x000001d1f7b55bf0 Uncommon trap: reason=class_check action=maybe_recompile pc=0x000001d1a25a4e80 method=org.gradle.internal.file.FileHierarchySet$Node.contains(Ljava/lang/String;I)Z @ 55 c2
Event: 7584.216 Thread 0x000001d1f7b55bf0 DEOPT PACKING pc=0x000001d1a25a4e80 sp=0x00000072ae2fee60
Event: 7584.216 Thread 0x000001d1f7b55bf0 DEOPT UNPACKING pc=0x000001d1a0c846a2 sp=0x00000072ae2fee30 mode 2
Event: 7584.216 Thread 0x000001d1f7b55bf0 Uncommon trap: trap_request=0xffffffde fr.pc=0x000001d1a25a4e80 relative=0x0000000000000b00
Event: 7584.216 Thread 0x000001d1f7b55bf0 Uncommon trap: reason=class_check action=maybe_recompile pc=0x000001d1a25a4e80 method=org.gradle.internal.file.FileHierarchySet$Node.contains(Ljava/lang/String;I)Z @ 55 c2
Event: 7584.216 Thread 0x000001d1f7b55bf0 DEOPT PACKING pc=0x000001d1a25a4e80 sp=0x00000072ae2fee60
Event: 7584.216 Thread 0x000001d1f7b55bf0 DEOPT UNPACKING pc=0x000001d1a0c846a2 sp=0x00000072ae2fee30 mode 2

Classes loaded (20 events):
Event: 7576.981 Loading class jdk/jfr/Recording
Event: 7576.982 Loading class jdk/jfr/Recording done
Event: 7576.982 Loading class jdk/jfr/FlightRecorder
Event: 7576.982 Loading class jdk/jfr/FlightRecorder done
Event: 7576.982 Loading class jdk/management/jfr/FlightRecorderMXBeanImpl$MXBeanListener
Event: 7576.982 Loading class jdk/jfr/FlightRecorderListener
Event: 7576.982 Loading class jdk/jfr/FlightRecorderListener done
Event: 7576.982 Loading class jdk/management/jfr/FlightRecorderMXBeanImpl$MXBeanListener done
Event: 7577.001 Loading class com/sun/jmx/mbeanserver/StandardMBeanSupport
Event: 7577.001 Loading class com/sun/jmx/mbeanserver/StandardMBeanSupport done
Event: 7577.001 Loading class com/sun/jmx/mbeanserver/StandardMBeanIntrospector
Event: 7577.002 Loading class com/sun/jmx/mbeanserver/StandardMBeanIntrospector done
Event: 7577.682 Loading class java/beans/ParameterDescriptor
Event: 7577.682 Loading class java/beans/ParameterDescriptor done
Event: 7582.327 Loading class java/util/EnumSet$SerializationProxy
Event: 7582.327 Loading class java/util/EnumSet$SerializationProxy done
Event: 7584.210 Loading class java/net/URLDecoder
Event: 7584.210 Loading class java/net/URLDecoder done
Event: 7584.216 Loading class java/util/zip/GZIPInputStream$1
Event: 7584.216 Loading class java/util/zip/GZIPInputStream$1 done

Classes unloaded (20 events):
Event: 3960.547 Thread 0x000001d1ba42b3c0 Unloading class 0x000001d1bedb8800 'java/lang/invoke/LambdaForm$MH+0x000001d1bedb8800'
Event: 3960.547 Thread 0x000001d1ba42b3c0 Unloading class 0x000001d1bedb8400 'java/lang/invoke/LambdaForm$MH+0x000001d1bedb8400'
Event: 3960.547 Thread 0x000001d1ba42b3c0 Unloading class 0x000001d1bedb8000 'java/lang/invoke/LambdaForm$MH+0x000001d1bedb8000'
Event: 3960.547 Thread 0x000001d1ba42b3c0 Unloading class 0x000001d1bedb4000 'java/lang/invoke/LambdaForm$MH+0x000001d1bedb4000'
Event: 3960.547 Thread 0x000001d1ba42b3c0 Unloading class 0x000001d1bedaf400 'java/lang/invoke/LambdaForm$MH+0x000001d1bedaf400'
Event: 3960.547 Thread 0x000001d1ba42b3c0 Unloading class 0x000001d1bedaf000 'java/lang/invoke/LambdaForm$MH+0x000001d1bedaf000'
Event: 3960.547 Thread 0x000001d1ba42b3c0 Unloading class 0x000001d1bedac400 'java/lang/invoke/LambdaForm$MH+0x000001d1bedac400'
Event: 3960.547 Thread 0x000001d1ba42b3c0 Unloading class 0x000001d1bedac000 'java/lang/invoke/LambdaForm$MH+0x000001d1bedac000'
Event: 3960.547 Thread 0x000001d1ba42b3c0 Unloading class 0x000001d1bedabc00 'java/lang/invoke/LambdaForm$MH+0x000001d1bedabc00'
Event: 3960.547 Thread 0x000001d1ba42b3c0 Unloading class 0x000001d1bedab800 'java/lang/invoke/LambdaForm$MH+0x000001d1bedab800'
Event: 3960.547 Thread 0x000001d1ba42b3c0 Unloading class 0x000001d1beda6000 'java/lang/invoke/LambdaForm$MH+0x000001d1beda6000'
Event: 3960.547 Thread 0x000001d1ba42b3c0 Unloading class 0x000001d1beda0800 'java/lang/invoke/LambdaForm$MH+0x000001d1beda0800'
Event: 3960.547 Thread 0x000001d1ba42b3c0 Unloading class 0x000001d1beda0000 'java/lang/invoke/LambdaForm$MH+0x000001d1beda0000'
Event: 3960.547 Thread 0x000001d1ba42b3c0 Unloading class 0x000001d1bed9e000 'java/lang/invoke/LambdaForm$MH+0x000001d1bed9e000'
Event: 3960.547 Thread 0x000001d1ba42b3c0 Unloading class 0x000001d1bed99000 'java/lang/invoke/LambdaForm$MH+0x000001d1bed99000'
Event: 3960.547 Thread 0x000001d1ba42b3c0 Unloading class 0x000001d1bed91800 'java/lang/invoke/LambdaForm$MH+0x000001d1bed91800'
Event: 3960.547 Thread 0x000001d1ba42b3c0 Unloading class 0x000001d1bed8d000 'java/lang/invoke/LambdaForm$MH+0x000001d1bed8d000'
Event: 3960.547 Thread 0x000001d1ba42b3c0 Unloading class 0x000001d1bed8cc00 'java/lang/invoke/LambdaForm$MH+0x000001d1bed8cc00'
Event: 3960.547 Thread 0x000001d1ba42b3c0 Unloading class 0x000001d1bed8a800 'java/lang/invoke/LambdaForm$MH+0x000001d1bed8a800'
Event: 3960.547 Thread 0x000001d1ba42b3c0 Unloading class 0x000001d1bed89800 'java/lang/invoke/LambdaForm$MH+0x000001d1bed89800'

Classes redefined (0 events):
No events

Internal exceptions (20 events):
Event: 7584.121 Thread 0x000001d1fbdea790 Exception <a 'sun/nio/fs/WindowsException'{0x000000055e354ba0}> (0x000000055e354ba0) 
thrown [s\open\src\hotspot\share\prims\jni.cpp, line 520]
Event: 7584.127 Thread 0x000001d1fbdea790 Exception <a 'sun/nio/fs/WindowsException'{0x000000055e4f9288}> (0x000000055e4f9288) 
thrown [s\open\src\hotspot\share\prims\jni.cpp, line 520]
Event: 7584.127 Thread 0x000001d1fb961540 Exception <a 'sun/nio/fs/WindowsException'{0x00000007ffd18560}> (0x00000007ffd18560) 
thrown [s\open\src\hotspot\share\prims\jni.cpp, line 520]
Event: 7584.130 Thread 0x000001d1fbde8030 Exception <a 'sun/nio/fs/WindowsException'{0x000000055e6e97c0}> (0x000000055e6e97c0) 
thrown [s\open\src\hotspot\share\prims\jni.cpp, line 520]
Event: 7584.130 Thread 0x000001d1fbdec1d0 Exception <a 'sun/nio/fs/WindowsException'{0x000000055e63e628}> (0x000000055e63e628) 
thrown [s\open\src\hotspot\share\prims\jni.cpp, line 520]
Event: 7584.146 Thread 0x000001d1fbdeb4b0 Exception <a 'sun/nio/fs/WindowsException'{0x000000055e7f1038}> (0x000000055e7f1038) 
thrown [s\open\src\hotspot\share\prims\jni.cpp, line 520]
Event: 7584.147 Thread 0x000001d1fbdeb4b0 Exception <a 'sun/nio/fs/WindowsException'{0x000000055d9f7660}> (0x000000055d9f7660) 
thrown [s\open\src\hotspot\share\prims\jni.cpp, line 520]
Event: 7584.150 Thread 0x000001d1fb960820 Exception <a 'sun/nio/fs/WindowsException'{0x000000055da32f38}> (0x000000055da32f38) 
thrown [s\open\src\hotspot\share\prims\jni.cpp, line 520]
Event: 7584.154 Thread 0x000001d1fbde8030 Exception <a 'sun/nio/fs/WindowsException'{0x000000055dba9190}> (0x000000055dba9190) 
thrown [s\open\src\hotspot\share\prims\jni.cpp, line 520]
Event: 7584.154 Thread 0x000001d1fbde8030 Exception <a 'sun/nio/fs/WindowsException'{0x000000055dbac2a0}> (0x000000055dbac2a0) 
thrown [s\open\src\hotspot\share\prims\jni.cpp, line 520]
Event: 7584.156 Thread 0x000001d1fbdeb4b0 Exception <a 'sun/nio/fs/WindowsException'{0x000000055dbc4d80}> (0x000000055dbc4d80) 
thrown [s\open\src\hotspot\share\prims\jni.cpp, line 520]
Event: 7584.156 Thread 0x000001d1fb960820 Exception <a 'sun/nio/fs/WindowsException'{0x000000055dbb7c50}> (0x000000055dbb7c50) 
thrown [s\open\src\hotspot\share\prims\jni.cpp, line 520]
Event: 7584.159 Thread 0x000001d1fbde8030 Exception <a 'sun/nio/fs/WindowsException'{0x000000055dc4d1a0}> (0x000000055dc4d1a0) 
thrown [s\open\src\hotspot\share\prims\jni.cpp, line 520]
Event: 7584.164 Thread 0x000001d1fbdeb4b0 Exception <a 'sun/nio/fs/WindowsException'{0x000000055ddd5698}> (0x000000055ddd5698) 
thrown [s\open\src\hotspot\share\prims\jni.cpp, line 520]
Event: 7584.164 Thread 0x000001d1fbdecef0 Exception <a 'sun/nio/fs/WindowsException'{0x000000055de0ff28}> (0x000000055de0ff28) 
thrown [s\open\src\hotspot\share\prims\jni.cpp, line 520]
Event: 7584.166 Thread 0x000001d1fbde8030 Exception <a 'sun/nio/fs/WindowsException'{0x000000055de48340}> (0x000000055de48340) 
thrown [s\open\src\hotspot\share\prims\jni.cpp, line 520]
Event: 7584.173 Thread 0x000001d1fbdeb4b0 Exception <a 'sun/nio/fs/WindowsException'{0x000000055d028828}> (0x000000055d028828) 
thrown [s\open\src\hotspot\share\prims\jni.cpp, line 520]
Event: 7584.173 Thread 0x000001d1fbdeb4b0 Exception <a 'sun/nio/fs/WindowsException'{0x000000055d02b940}> (0x000000055d02b940) 
thrown [s\open\src\hotspot\share\prims\jni.cpp, line 520]
Event: 7584.176 Thread 0x000001d1fbde8030 Exception <a 'sun/nio/fs/WindowsException'{0x000000055d0aca08}> (0x000000055d0aca08) 
thrown [s\open\src\hotspot\share\prims\jni.cpp, line 520]
Event: 7584.180 Thread 0x000001d1fbdeb4b0 Exception <a 'sun/nio/fs/WindowsException'{0x000000055d107378}> (0x000000055d107378) 
thrown [s\open\src\hotspot\share\prims\jni.cpp, line 520]

ZGC Phase Switch (0 events):
No events

VM Operations (20 events):
Event: 7583.493 Executing VM operation: HandshakeAllThreads (Deoptimize)
Event: 7583.494 Executing VM operation: HandshakeAllThreads (Deoptimize) done
Event: 7583.571 Executing VM operation: HandshakeAllThreads (Deoptimize)
Event: 7583.571 Executing VM operation: HandshakeAllThreads (Deoptimize) done
Event: 7583.576 Executing VM operation: HandshakeAllThreads (Deoptimize)
Event: 7583.577 Executing VM operation: HandshakeAllThreads (Deoptimize) done
Event: 7583.580 Executing VM operation: HandshakeAllThreads (Deoptimize)
Event: 7583.580 Executing VM operation: HandshakeAllThreads (Deoptimize) done
Event: 7583.588 Executing VM operation: HandshakeAllThreads (Deoptimize)
Event: 7583.589 Executing VM operation: HandshakeAllThreads (Deoptimize) done
Event: 7583.625 Executing VM operation: ICBufferFull
Event: 7583.625 Executing VM operation: ICBufferFull done
Event: 7583.652 Executing VM operation: HandshakeAllThreads (Deoptimize)
Event: 7583.653 Executing VM operation: HandshakeAllThreads (Deoptimize) done
Event: 7584.058 Executing VM operation: ICBufferFull
Event: 7584.058 Executing VM operation: ICBufferFull done
Event: 7584.098 Executing VM operation: HandshakeAllThreads (Deoptimize)
Event: 7584.099 Executing VM operation: HandshakeAllThreads (Deoptimize) done
Event: 7584.181 Executing VM operation: ICBufferFull
Event: 7584.181 Executing VM operation: ICBufferFull done

Events (20 events):
Event: 7578.574 Thread 0x000001d1f6d714a0 Thread exited: 0x000001d1f6d714a0
Event: 7578.574 Thread 0x000001d219c673d0 Thread exited: 0x000001d219c673d0
Event: 7578.605 Thread 0x000001d1f6d751f0 Thread exited: 0x000001d1f6d751f0
Event: 7579.456 Thread 0x000001d219094890 Thread added: 0x000001d219094890
Event: 7579.882 Thread 0x000001d1f587eaf0 Thread added: 0x000001d1f587eaf0
Event: 7581.172 Thread 0x000001d21908e260 Thread added: 0x000001d21908e260
Event: 7581.181 Thread 0x000001d219090b40 Thread added: 0x000001d219090b40
Event: 7581.429 Thread 0x000001d1f58795a0 Thread added: 0x000001d1f58795a0
Event: 7581.429 Thread 0x000001d1f587d0b0 Thread added: 0x000001d1f587d0b0
Event: 7583.292 Thread 0x000001d219090b40 Thread exited: 0x000001d219090b40
Event: 7583.495 Thread 0x000001d1f5881250 Thread added: 0x000001d1f5881250
Event: 7583.500 Thread 0x000001d1f5881250 Thread exited: 0x000001d1f5881250
Event: 7583.521 Thread 0x000001d1f5881250 Thread added: 0x000001d1f5881250
Event: 7583.580 Thread 0x000001d21908db90 Thread added: 0x000001d21908db90
Event: 7583.586 Thread 0x000001d1f5881250 Thread exited: 0x000001d1f5881250
Event: 7583.600 Thread 0x000001d219094f60 Thread added: 0x000001d219094f60
Event: 7583.607 Thread 0x000001d219095630 Thread added: 0x000001d219095630
Event: 7583.611 Thread 0x000001d219095d00 Thread added: 0x000001d219095d00
Event: 7583.623 Thread 0x000001d219090b40 Thread added: 0x000001d219090b40
Event: 7584.058 Thread 0x000001d1f587a2c0 Thread added: 0x000001d1f587a2c0


Dynamic libraries:
0x00007ff6fd3a0000 - 0x00007ff6fd3b0000 	C:\Program Files\Java\jdk-21.0.11\bin\java.exe
0x00007ffb982f0000 - 0x00007ffb984e8000 	C:\Windows\SYSTEM32\ntdll.dll
0x00007ffb96f20000 - 0x00007ffb96fdd000 	C:\Windows\System32\KERNEL32.DLL
0x00007ffb95d70000 - 0x00007ffb96066000 	C:\Windows\System32\KERNELBASE.dll
0x00007ffb96220000 - 0x00007ffb96320000 	C:\Windows\System32\ucrtbase.dll
0x00007ffb85d50000 - 0x00007ffb85d69000 	C:\Program Files\Java\jdk-21.0.11\bin\jli.dll
0x00007ffb6cb80000 - 0x00007ffb6cb9e000 	C:\Program Files\Java\jdk-21.0.11\bin\VCRUNTIME140.dll
0x00007ffb98200000 - 0x00007ffb982af000 	C:\Windows\System32\ADVAPI32.dll
0x00007ffb97270000 - 0x00007ffb9730e000 	C:\Windows\System32\msvcrt.dll
0x00007ffb96bc0000 - 0x00007ffb96c5c000 	C:\Windows\System32\sechost.dll
0x00007ffb980c0000 - 0x00007ffb981e6000 	C:\Windows\System32\RPCRT4.dll
0x00007ffb970d0000 - 0x00007ffb9726e000 	C:\Windows\System32\USER32.dll
0x00007ffb95b30000 - 0x00007ffb95b52000 	C:\Windows\System32\win32u.dll
0x00007ffb970a0000 - 0x00007ffb970cc000 	C:\Windows\System32\GDI32.dll
0x00007ffb95c50000 - 0x00007ffb95d6a000 	C:\Windows\System32\gdi32full.dll
0x00007ffb95bb0000 - 0x00007ffb95c4d000 	C:\Windows\System32\msvcp_win.dll
0x00007ffb77470000 - 0x00007ffb7770a000 	C:\Windows\WinSxS\amd64_microsoft.windows.common-controls_6595b64144ccf1df_6.0.19041.3636_none_60b6a03d71f818d5\COMCTL32.dll
0x00007ffb83310000 - 0x00007ffb8331a000 	C:\Windows\SYSTEM32\VERSION.dll
0x00007ffb96350000 - 0x00007ffb96380000 	C:\Windows\System32\IMM32.DLL
0x00007ffb87eb0000 - 0x00007ffb87ebc000 	C:\Program Files\Java\jdk-21.0.11\bin\vcruntime140_1.dll
0x00007ffb55310000 - 0x00007ffb5539d000 	C:\Program Files\Java\jdk-21.0.11\bin\msvcp140.dll
0x00007ffb42f50000 - 0x00007ffb43c78000 	C:\Program Files\Java\jdk-21.0.11\bin\server\jvm.dll
0x00007ffb97670000 - 0x00007ffb976db000 	C:\Windows\System32\WS2_32.dll
0x00007ffb94f80000 - 0x00007ffb94fcb000 	C:\Windows\SYSTEM32\POWRPROF.dll
0x00007ffb88c80000 - 0x00007ffb88ca7000 	C:\Windows\SYSTEM32\WINMM.dll
0x00007ffb94df0000 - 0x00007ffb94e02000 	C:\Windows\SYSTEM32\UMPDC.dll
0x00007ffb94220000 - 0x00007ffb94232000 	C:\Windows\SYSTEM32\kernel.appcore.dll
0x00007ffb85520000 - 0x00007ffb8552a000 	C:\Program Files\Java\jdk-21.0.11\bin\jimage.dll
0x00007ffb935b0000 - 0x00007ffb93794000 	C:\Windows\SYSTEM32\DBGHELP.DLL
0x00007ffb6a370000 - 0x00007ffb6a3a4000 	C:\Windows\SYSTEM32\dbgcore.DLL
0x00007ffb96070000 - 0x00007ffb960f2000 	C:\Windows\System32\bcryptPrimitives.dll
0x00007ffb70790000 - 0x00007ffb707a0000 	C:\Program Files\Java\jdk-21.0.11\bin\instrument.dll
0x00007ffb68e90000 - 0x00007ffb68eb1000 	C:\Program Files\Java\jdk-21.0.11\bin\java.dll
0x00007ffb963e0000 - 0x00007ffb96b25000 	C:\Windows\System32\SHELL32.dll
0x00007ffb93a70000 - 0x00007ffb9420b000 	C:\Windows\SYSTEM32\windows.storage.dll
0x00007ffb97740000 - 0x00007ffb97a94000 	C:\Windows\System32\combase.dll
0x00007ffb95410000 - 0x00007ffb9543d000 	C:\Windows\SYSTEM32\Wldp.dll
0x00007ffb96e10000 - 0x00007ffb96ebd000 	C:\Windows\System32\SHCORE.dll
0x00007ffb96ec0000 - 0x00007ffb96f15000 	C:\Windows\System32\shlwapi.dll
0x00007ffb95900000 - 0x00007ffb95925000 	C:\Windows\SYSTEM32\profapi.dll
0x00007ffb55230000 - 0x00007ffb55307000 	C:\Program Files\Java\jdk-21.0.11\bin\jsvml.dll
0x00007ffb6bab0000 - 0x00007ffb6bac8000 	C:\Program Files\Java\jdk-21.0.11\bin\zip.dll
0x00007ffb68e70000 - 0x00007ffb68e81000 	C:\Program Files\Java\jdk-21.0.11\bin\net.dll
0x00007ffb8e700000 - 0x00007ffb8e80a000 	C:\Windows\SYSTEM32\WINHTTP.dll
0x00007ffb95170000 - 0x00007ffb951da000 	C:\Windows\system32\mswsock.dll
0x00007ffb68100000 - 0x00007ffb68116000 	C:\Program Files\Java\jdk-21.0.11\bin\nio.dll
0x00007ffb6e0e0000 - 0x00007ffb6e0f0000 	C:\Program Files\Java\jdk-21.0.11\bin\verify.dll
0x00007ffb5ed30000 - 0x00007ffb5ed57000 	C:\Users\P\.gradle\native\660c5614fbf4a5f2a75b1949f50a0caf5cd603558e7d8a26e50b933a0cfb79d1\windows-amd64\native-platform.dll
0x00007ffb55940000 - 0x00007ffb559b7000 	C:\Users\P\.gradle\native\0.2.8\x86_64-windows-gnu\gradle-fileevents.dll
0x00007ffb6dfa0000 - 0x00007ffb6dfaa000 	C:\Program Files\Java\jdk-21.0.11\bin\management.dll
0x00007ffb6df40000 - 0x00007ffb6df4c000 	C:\Program Files\Java\jdk-21.0.11\bin\management_ext.dll
0x00007ffb96b30000 - 0x00007ffb96b38000 	C:\Windows\System32\PSAPI.DLL
0x00007ffb94e10000 - 0x00007ffb94e4b000 	C:\Windows\SYSTEM32\IPHLPAPI.DLL
0x00007ffb981f0000 - 0x00007ffb981f8000 	C:\Windows\System32\NSI.dll
0x00007ffb6d790000 - 0x00007ffb6d799000 	C:\Program Files\Java\jdk-21.0.11\bin\extnet.dll
0x00007ffb95370000 - 0x00007ffb95388000 	C:\Windows\SYSTEM32\CRYPTSP.dll
0x00007ffb94a30000 - 0x00007ffb94a64000 	C:\Windows\system32\rsaenh.dll
0x00007ffb96320000 - 0x00007ffb96347000 	C:\Windows\System32\bcrypt.dll
0x00007ffb958c0000 - 0x00007ffb958ee000 	C:\Windows\SYSTEM32\USERENV.dll
0x00007ffb95360000 - 0x00007ffb9536c000 	C:\Windows\SYSTEM32\CRYPTBASE.dll
0x00007ffb6cf00000 - 0x00007ffb6cf0e000 	C:\Program Files\Java\jdk-21.0.11\bin\sunmscapi.dll
0x00007ffb959d0000 - 0x00007ffb95b2d000 	C:\Windows\System32\CRYPT32.dll
0x00007ffb95480000 - 0x00007ffb954a7000 	C:\Windows\SYSTEM32\ncrypt.dll
0x00007ffb95440000 - 0x00007ffb9547b000 	C:\Windows\SYSTEM32\NTASN1.dll
0x00007ffb78ea0000 - 0x00007ffb78ea7000 	C:\Windows\system32\wshunix.dll

dbghelp: loaded successfully - version: 4.0.5 - missing functions: none
symbol engine: initialized successfully - sym options: 0x614 - pdb path: .;C:\Program Files\Java\jdk-21.0.11\bin;C:\Windows\SYSTEM32;C:\Windows\WinSxS\amd64_microsoft.windows.common-controls_6595b64144ccf1df_6.0.19041.3636_none_60b6a03d71f818d5;C:\Program Files\Java\jdk-21.0.11\bin\server;C:\Users\P\.gradle\native\660c5614fbf4a5f2a75b1949f50a0caf5cd603558e7d8a26e50b933a0cfb79d1\windows-amd64;C:\Users\P\.gradle\native\0.2.8\x86_64-windows-gnu

VM Arguments:
jvm_args: --add-opens=java.base/java.lang=ALL-UNNAMED --add-opens=java.base/java.lang.invoke=ALL-UNNAMED --add-opens=java.base/java.util=ALL-UNNAMED --add-opens=java.prefs/java.util.prefs=ALL-UNNAMED --add-exports=jdk.compiler/com.sun.tools.javac.api=ALL-UNNAMED --add-exports=jdk.compiler/com.sun.tools.javac.util=ALL-UNNAMED --add-opens=java.base/java.util=ALL-UNNAMED --add-opens=java.prefs/java.util.prefs=ALL-UNNAMED --add-opens=java.base/java.nio.charset=ALL-UNNAMED --add-opens=java.base/java.net=ALL-UNNAMED --add-opens=java.base/java.util.concurrent=ALL-UNNAMED --add-opens=java.base/java.util.concurrent.atomic=ALL-UNNAMED --add-opens=java.xml/javax.xml.namespace=ALL-UNNAMED --add-opens=java.base/java.time=ALL-UNNAMED -XX:MaxMetaspaceSize=1g -XX:+UnlockExperimentalVMOptions -XX:hashCode=3 -Xms256m -Xmx12g -Dfile.encoding=UTF-8 -Duser.country=US -Duser.language=en -Duser.variant -javaagent:C:\Users\P\.gradle\wrapper\dists\gradle-9.3.1-all\9ot9r568e8zfvvd4mn8rbu1j0\gradle-9.3.1\lib\agents\gradle-instrumentation-agent-9.3.1.jar 
java_command: org.gradle.launcher.daemon.bootstrap.GradleDaemon 9.3.1
java_class_path (initial): C:\Users\P\.gradle\wrapper\dists\gradle-9.3.1-all\9ot9r568e8zfvvd4mn8rbu1j0\gradle-9.3.1\lib\gradle-daemon-main-9.3.1.jar
Launcher Type: SUN_STANDARD

[Global flags]
     intx CICompilerCount                          = 12                                        {product} {ergonomic}
   size_t CompressedClassSpaceSize                 = 872415232                                 {product} {ergonomic}
     uint ConcGCThreads                            = 3                                         {product} {ergonomic}
     uint G1ConcRefinementThreads                  = 13                                        {product} {ergonomic}
     uint G1EagerReclaimRemSetThreshold            = 64                                   {experimental} {ergonomic}
   size_t G1HeapRegionSize                         = 8388608                                   {product} {ergonomic}
     uint G1RemSetArrayOfCardsEntries              = 64                                   {experimental} {ergonomic}
     uint G1RemSetHowlMaxNumBuckets                = 8                                    {experimental} {ergonomic}
     uint G1RemSetHowlNumBuckets                   = 8                                    {experimental} {ergonomic}
    uintx GCDrainStackTargetSize                   = 64                                        {product} {ergonomic}
   size_t InitialHeapSize                          = 268435456                                 {product} {command line}
   size_t MarkStackSize                            = 4194304                                   {product} {ergonomic}
   size_t MaxHeapSize                              = 12884901888                               {product} {command line}
   size_t MaxMetaspaceSize                         = 1073741824                                {product} {command line}
   size_t MaxNewSize                               = 7725907968                                {product} {ergonomic}
   size_t MinHeapDeltaBytes                        = 8388608                                   {product} {ergonomic}
   size_t MinHeapSize                              = 268435456                                 {product} {command line}
    uintx NonNMethodCodeHeapSize                   = 7602480                                {pd product} {ergonomic}
    uintx NonProfiledCodeHeapSize                  = 122027880                              {pd product} {ergonomic}
    uintx ProfiledCodeHeapSize                     = 122027880                              {pd product} {ergonomic}
    uintx ReservedCodeCacheSize                    = 251658240                              {pd product} {ergonomic}
     bool SegmentedCodeCache                       = true                                      {product} {ergonomic}
   size_t SoftMaxHeapSize                          = 12884901888                            {manageable} {ergonomic}
     bool UnlockExperimentalVMOptions              = true                                 {experimental} {command line}
     bool UseCompressedOops                        = true                           {product lp64_product} {ergonomic}
     bool UseG1GC                                  = true                                      {product} {ergonomic}
     bool UseLargePagesIndividualAllocation        = false                                  {pd product} {ergonomic}
     intx hashCode                                 = 3                                    {experimental} {command line}

Logging:
Log output configuration:
 #0: stdout all=warning uptime,level,tags foldmultilines=false
 #1: stderr all=off uptime,level,tags foldmultilines=false

Environment Variables:
PATH=C:\Program Files\Common Files\Oracle\Java\javapath;C:\Program Files (x86)\VMware\VMware Workstation\bin\;C:\Windows\system32;C:\Windows;C:\Windows\System32\Wbem;C:\Windows\System32\WindowsPowerShell\v1.0\;C:\Windows\System32\OpenSSH\;C:\ProgramData\chocolatey\bin;C:\Program Files\Git\cmd;C:\Users\P\AppData\Local\Programs\Python\Python314\Scripts\;C:\Users\P\AppData\Local\Programs\Python\Python314\;C:\Users\P\AppData\Local\Microsoft\WindowsApps;C:\Windows\Apktool;C:\platform-tools;C:\Users\P\AppData\Local\Programs\Microsoft VS Code\bin;C:\flutter\bin;
USERNAME=P
OS=Windows_NT
PROCESSOR_IDENTIFIER=Intel64 Family 6 Model 186 Stepping 2, GenuineIntel
TMP=C:\Users\P\AppData\Local\Temp
TEMP=C:\Users\P\AppData\Local\Temp




Periodic native trim disabled

---------------  S Y S T E M  ---------------

OS:
 Windows 10 , 64 bit Build 19041 (10.0.19041.3636)
OS uptime: 3 days 5:53 hours

CPU: total 16 (initial active 16) (8 cores per cpu, 2 threads per core) family 6 model 186 stepping 2 microcode 0x411d, cx8, cmov, fxsr, ht, mmx, 3dnowpref, sse, sse2, sse3, ssse3, sse4.1, sse4.2, popcnt, lzcnt, tsc, tscinvbit, avx, avx2, aes, erms, clmul, bmi1, bmi2, adx, sha, fma, vzeroupper, clflush, clflushopt, clwb, serialize, rdtscp, rdpid, fsrm, f16c, pku, cet_ibt, cet_ss
Processor Information for processor 0
  Max Mhz: 2400, Current Mhz: 2400, Mhz Limit: 1800
Processor Information for processor 1
  Max Mhz: 2400, Current Mhz: 2400, Mhz Limit: 2400
Processor Information for processor 2
  Max Mhz: 2400, Current Mhz: 2400, Mhz Limit: 2400
Processor Information for processor 3
  Max Mhz: 2400, Current Mhz: 2400, Mhz Limit: 2400
Processor Information for processor 4
  Max Mhz: 2400, Current Mhz: 2400, Mhz Limit: 2400
Processor Information for processor 5
  Max Mhz: 2400, Current Mhz: 2400, Mhz Limit: 2400
Processor Information for processor 6
  Max Mhz: 2400, Current Mhz: 2400, Mhz Limit: 2400
Processor Information for processor 7
  Max Mhz: 2400, Current Mhz: 2400, Mhz Limit: 2400
Processor Information for processor 8
  Max Mhz: 2400, Current Mhz: 2400, Mhz Limit: 2400
Processor Information for processor 9
  Max Mhz: 2400, Current Mhz: 2400, Mhz Limit: 2400
Processor Information for processor 10
  Max Mhz: 2400, Current Mhz: 2400, Mhz Limit: 2400
Processor Information for processor 11
  Max Mhz: 2400, Current Mhz: 2400, Mhz Limit: 2400
Processor Information for processor 12
  Max Mhz: 2400, Current Mhz: 1800, Mhz Limit: 1800
Processor Information for processor 13
  Max Mhz: 2400, Current Mhz: 1800, Mhz Limit: 1800
Processor Information for processor 14
  Max Mhz: 2400, Current Mhz: 1800, Mhz Limit: 1800
Processor Information for processor 15
  Max Mhz: 2400, Current Mhz: 1800, Mhz Limit: 1800

Memory: 4k page, system-wide physical 65227M (23413M free)
TotalPageFile size 164557M (AvailPageFile size 3M)
current process WorkingSet (physical memory assigned to process): 2236M, peak: 2236M
current process commit charge ("private bytes"): 2660M, peak: 2661M

vm_info: Java HotSpot(TM) 64-Bit Server VM (21.0.11+9-LTS-211) for windows-amd64 JRE (21.0.11+9-LTS-211), built on 2026-03-11T00:23:15Z by "mach5run" with MS VC++ 17.13 (VS2022)

END.
